payment_id,ride_id,driver_id,passenger_id,fare,surge_multiplier,payment_method,driver_earnings,uber_commission,transaction_status,payment_date
cac819cd-71c2-4c58-8547-20e1b20d18b4,49edba3e-f4d5-45af-a86b-85d4dacd06b9,4cf72587-4f42-41af-9950-851a770818f6,3d774faa-e663-44fd-96a6-b7a991928189,104.21,1.59,Cash,544.0,38.13,Failed,05-03-2021
65490c09-6871-43b1-9f50-4fd27d31f5c4,8c3cb279-b637-4ec6-b7a4-5529adccf4c6,a324a87d-62f4-42ef-af66-f819c19ed9cf,fb087c05-2184-4f38-b47c-ee71ce43986e,113.66,2.42,Credit Card,585.81,28.01,Failed,19-04-2020
7f00a3c1-5f6b-4d6b-9d26-3d7c4448d659,52796e17-4e2a-42ef-901f-9245bf52a9f5,14dfc25f-12c8-4404-9c28-30b54d542cb0,f903b81a-41c3-437f-96d8-85097f599bfd,11.88,1.14,Cash,465.75,5.68,Pending,07-04-2021
198fd6a6-f121-4f52-9c70-f6eac79f70d5,4d9d2189-48fc-407d-a34f-ed86aec7f428,d841fa68-826d-42dc-ab1b-b0532cbf54cf,174b2d35-c4ef-40f7-bf70-30c61810d63e,70.61,1.1,Credit Card,603.42,39.75,Pending,14-06-2022
7ade3993-1a1e-434e-acbf-7c6e605abfe8,4c93369d-e334-46e0-b28b-d7a07032f811,d091d33e-52f3-4c6d-8918-06613b80e2d2,2f34063c-7415-409b-b4bd-f43c45b62a00,61.05,2.97,Cash,769.05,3.96,Completed,03-09-2020
1e0c7234-593a-46c3-8ab2-df12570ce7f8,24628bfc-9754-4395-b624-8070a75e6bf7,4783e5da-f0c8-493e-80be-0db8ca62a722,07122588-b596-44ca-aa80-f12c806794e6,84.47,2.85,Credit Card,990.48,45.2,Pending,08-09-2022
f7c98434-2449-4670-b4bd-d63adc895541,8554ed5b-747d-442b-990a-984fc9b6a2a5,f6c49bed-1c29-4d8d-a2d7-b03c198bbde9,057deda3-0699-4bea-b871-1e07e8075ff0,131.22,2.67,Cash,865.12,13.87,Pending,07-05-2022
ffb4e3e7-08e3-4d54-b326-8acc2572a8fc,f71c05db-6a96-4d63-b4ae-b09ef957e8c7,26f15086-215e-4a19-8f99-5b63673e9bf8,5fc26f23-9391-45ca-8299-b0711efbefd2,38.39,2.84,Credit Card,697.07,7.52,Failed,04-06-2023
e9ec9b6f-9199-4a3a-a939-6cdaa78e4b79,5603b9a8-824c-433d-8f78-241fe500057c,a3a1a9c2-2252-4080-a250-f1a0bfe8c884,fb07f5f4-d0d0-4e6f-9da9-c16ba2f9e539,38.09,2.59,Credit Card,512.88,23.39,Pending,30-07-2020
f73139d8-51c8-49e4-aaa4-ee620e25ea03,b1fbaf1f-920e-4c61-bcf2-79b54de12dff,55fcc4ca-55e8-4fd9-ba00-58e7d8d3bb09,f4a9840d-3789-4587-8f2b-1796f34c6dd0,196.1,1.2,PayPal,879.32,48.19,Pending,07-08-2022
e7b67b96-280b-4699-b647-d3b4d9b4a7b3,0632a42f-aca6-457c-b322-3bd904d5a333,b354654d-4c9f-4c5e-a7b6-d12606795faf,5cfd3d47-7f15-446a-ac88-6e388168ccd6,150.24,2.11,Credit Card,666.09,12.25,Completed,09-11-2023
e075fbb5-3752-4b07-81d9-be2283834f30,1629dee0-c51f-4ece-b650-8ed90463d82b,1f5bd528-0c57-481d-b9c7-ec030e08cf19,766b2910-e51d-45ca-b20b-cc3e4aea3044,37.28,2.96,Cash,786.44,24.23,Completed,30-08-2022
4fe2652c-6299-4198-af0c-3090d0795a3d,45fe7a3f-6c72-44e7-87a2-d4e5ac37c750,c1dcd8e5-c89b-4b25-8c36-5b20137f3eac,bd92845f-2bca-4776-9dde-355d779a8cd4,47.29,1.26,PayPal,495.88,14.09,Completed,26-04-2023
3524205b-ced1-4203-b84a-49ece646f2a9,26316136-96d7-4386-a7b9-3403a68bbf48,4b68c6e9-6785-4255-b69a-390cfae595ba,069c9bd7-4b98-44fd-b1c7-59dfdacd9938,21.7,1.08,Credit Card,828.13,28.01,Failed,24-01-2024
056500c0-3af9-49ed-beaf-208e6bc494be,2a89649f-fbae-4e69-9bf8-ee3d95ca5a3e,bf4e2522-ae52-49d0-b9ba-4e1100f7bc0c,4cb9ef97-0976-4438-b22d-a53fd316fa2c,193.7,2.98,Credit Card,575.08,19.13,Completed,28-07-2024
73ca5003-886f-4aba-8374-4923c7371cb6,0ceee45a-a1e4-45a1-b1aa-51a572dd3909,ab479722-cf80-4278-9e0a-cfb2db9e9534,ed30c81c-d0b6-4fc6-8894-c4547075ac60,119.2,1.87,PayPal,344.64,39.68,Pending,26-10-2022
5053624f-ccd1-4172-9a24-978d773ea54a,18d1d78a-5d90-4af6-904f-c251279d4819,04986ed4-a865-4505-bb24-79185aaff9d3,c3b544fa-781c-4c88-9791-4e831873ce8b,91.74,2.45,Cash,569.29,4.44,Pending,25-04-2020
cbe99e0b-b6ed-4aff-97e4-4b77e8d5583d,864e1e83-06ee-40d4-a07e-ce5cb58b1d49,a1c7b203-bd70-416e-bee7-d57f3b727d4d,18af73a1-531f-4141-abae-6d005f8f2433,76.58,2.88,Cash,942.07,2.52,Failed,02-09-2023
fa00b030-b20d-4961-ba2e-0a8ae4293690,2b1a2a69-b189-4f9b-ad34-2a33911277fb,8b1bd73b-7ae9-4645-9426-b4957ee4bffc,bb510de7-17e0-4233-8de7-cb36ded0f8b6,144.21,2.6,Cash,811.05,32.23,Failed,25-01-2024
0b905ecf-2d77-4b5e-a713-aaa1e76910d9,59431cca-10f8-4626-902b-ac1278be3190,d773480b-6fd5-4d51-b1e3-c8de95e08937,642adfdb-f157-4cc8-8dd8-ac435d820a50,156.84,2.18,Credit Card,523.05,29.77,Pending,29-04-2024
5bb1a13b-f457-456b-8f2d-d6f78800e7d0,ead819de-2db2-4841-94e8-92e02285cda6,c832b1d0-5f69-4c24-8c5b-af4d0b83498e,f7cfc9a8-82bb-455d-ba86-53b4eba6e651,47.19,2.61,Cash,856.7,16.32,Completed,29-03-2022
15f0b146-ad74-4471-aad3-4ff413ef2974,41b5c151-9064-403b-ba29-a510c51ae6b8,6bcf7645-18bf-448f-9ea2-eff8fe2dfe03,78562d25-2788-4032-998c-df7471c94778,43.98,1.89,Cash,908.42,4.59,Completed,04-03-2022
133914a6-330c-4e21-addd-5f9f4c626af7,af5caef6-3645-409c-bf8d-e22b9bd014dc,a9590753-bf0c-40fd-8932-61cf90aaffb9,898a7c1b-bfb4-4f35-be5b-45e08d663abc,63.03,2.95,Cash,518.77,37.3,Pending,14-10-2023
04b12864-b347-4b0a-9796-e8da643729bf,92f6a667-d1b5-47f7-805f-a20391edde10,4eb2cad5-bf36-474b-9287-5d393cf27c4b,01432227-fdae-4f17-a625-54450d4e0802,34.66,1.03,Credit Card,542.91,12.16,Pending,14-06-2024
f93a950d-9b06-4702-808e-f8bb7cda7847,f555f2c0-0e53-4cd9-b4aa-d7fe9bc365d6,f02cbfa7-5195-4016-b3db-99197d132ca6,a805880e-370a-4736-85d8-0e25acc11fea,137.58,2.84,Credit Card,794.51,2.84,Failed,18-10-2021
16031268-3c1f-445b-8d78-37ceda544fe7,38736563-19c9-4afa-bf20-a7699e63e119,8fd79c0f-acce-43b9-a2e1-b86e5b916954,b6eef1a8-cb80-4d1a-a928-bc7872a85619,72.54,2.02,PayPal,948.74,38.4,Pending,21-08-2024
f74c89e4-963c-40a2-9969-d51ef36bc828,b8414820-8407-440d-8e0b-f782d71e6e14,c88bbc5b-dc50-4c0b-bc5c-193ce9be0301,e016d78c-4f69-4a33-b127-d7acb8f299bb,75.55,2.0,Credit Card,402.72,19.7,Pending,20-09-2020
d320cd6e-cc0d-4925-ab33-a8c8a7a54617,624e0b27-60b8-4044-8021-6881b7c5df51,b7954847-3097-4caa-94da-f78a4785474f,7d9e542b-e379-4ca4-846c-d51d6e343a99,142.26,1.19,PayPal,715.55,18.62,Pending,12-09-2024
d5cedd30-87d8-440b-a1a1-30036605b07c,b4b0b37b-5d5c-456b-ac70-76b421b00b92,efb488e8-d83f-4f75-a6f5-2aee1399d2f4,c66b367f-4350-4bf8-921b-2f13461c1950,104.07,2.66,PayPal,449.45,33.72,Pending,09-10-2023
8f9c5754-93d2-4e95-9d37-cd0bd1739a02,2286250f-7063-46ab-ab40-3cd3a0a72f28,a3cbdfe0-1669-4a4e-8018-6cb4ba958574,c8fe8d99-21a8-454d-9994-725b9952bf15,198.22,2.6,Cash,823.97,29.1,Pending,14-03-2022
7f83a75a-0c0c-4a45-9904-506e5da09d22,100cfb5f-5c5a-4e72-9c1b-b690d8af0356,e0193e69-fd53-46e9-a6cb-b076dfa38418,98c5df67-a097-4e7a-bb24-91fad643b4eb,89.36,1.3,Cash,790.93,44.59,Failed,10-08-2020
c9e9aa42-ede8-4644-be8b-839c61e2fed9,2c305e75-d958-4479-a17c-e7c21ec0d4d9,bb31a904-de65-459c-b7c9-29275bcb8bd6,2a0066f4-174c-4c4f-a947-26d1f0deccd0,195.92,2.81,Cash,935.46,34.87,Pending,20-10-2023
68875781-7d94-40e0-8d63-bdc67a354948,d9d0aba2-2cc2-452a-8633-0aeb47e101b4,ef2fbb07-867e-4847-a13d-8d24f020856c,97c0bac5-da9f-4e9b-92c7-f305abcb6387,142.84,1.01,Cash,387.31,2.59,Completed,05-01-2020
061f5450-dc3a-4561-8552-a10052016620,0ece6ce9-1beb-4557-827e-187b002d682e,0f4377a4-d5e2-48f6-b978-453de4605b0f,22d8e784-803b-4517-a93f-d3f858fdc84b,33.74,2.18,Credit Card,304.31,44.78,Pending,25-12-2022
6e86db93-5c66-4ccf-b3ef-69cfc5874b0f,d2fb6e44-d5f6-4cb1-90de-9391ab15fd87,51163faf-e3f8-4d40-9743-23e6502fbba8,2314e531-a369-422e-a2e3-2ac539e07f3a,16.34,2.97,PayPal,403.94,38.58,Completed,30-10-2021
66ab9dfd-9eea-4450-8ee6-b9646a8e9d22,5dc123b8-0d93-4cf2-ac86-6ed7b44cad06,6344d389-1da6-412a-b72f-22e6fa56a9a0,bb5186a5-33dd-4605-bae4-d4efb066413a,188.55,2.34,PayPal,842.23,31.08,Completed,12-07-2021
f6771426-2fad-44ab-b82d-a061fdeb28bc,39ea4aad-4146-4fbc-9b5a-a83b307624e6,cf459bde-f3e5-4c0e-8767-e808aa6c3e28,3ecde527-f4e4-4147-be22-60145e15e11e,149.39,2.31,PayPal,890.35,15.73,Failed,03-05-2021
95d6b986-03d8-4260-9de6-591269799a70,a8b53213-6515-4a0f-9934-744f5946eb3f,e4ecc81b-904b-443a-8758-9fc5dbda9d99,a22a5f54-0f75-4b1b-a195-0c2a68f7a38a,45.06,1.61,Credit Card,539.91,31.44,Failed,26-01-2021
f7825a3d-3bed-4702-a4fc-8556feda38e5,fb7b7044-9db1-4ad7-aeca-0a04550cd745,86890b28-be6b-49a7-a855-02e9867ca757,ca65130a-3045-4f7e-8a26-2a9f42039e2e,141.3,2.1,Credit Card,374.79,38.93,Failed,16-04-2022
26e98d19-ce61-4f32-9824-6950a28ad4f4,a45e5a03-c01b-407a-a754-bc4ce74669fe,23ec50af-f036-428d-bba5-c75917a8baa6,b46893dd-ba8a-4eba-b02e-21ca66a8540a,97.45,2.11,Cash,460.63,47.23,Pending,12-07-2024
e29221ad-da90-4cb5-ac8f-2ec51b3f06c3,22619e66-67cc-4484-b2c0-10d8c7af9e45,eff21a8b-12ff-44a5-8325-2a5f4fecd782,71fa56a2-cd5c-4d62-a663-b41a6a2fca2e,86.03,1.6,Credit Card,393.85,35.7,Pending,13-05-2024
b327757d-ecb7-4202-b4dc-4d28e189451b,f3d6c8fc-0776-4682-9036-53753cea8721,b0b64031-968c-474f-8f80-aeb7e963bba3,75d411d9-45cf-4804-a454-680ec4070231,93.96,2.85,Cash,404.12,46.76,Completed,21-06-2023
9112e0e5-e35b-4169-9257-decd6a338e89,bc82261f-4fc7-4cb5-8ac9-08926182cee7,1526c8d2-7f25-47ac-bc03-119ea5d14ec2,e16c4b54-287d-4a7c-a600-2bbcfb8ae0c4,199.98,1.1,Credit Card,10.73,31.51,Completed,04-11-2022
2a7b439a-f81e-4535-8fc6-f823a7bde2a8,c3a4fa11-134a-435c-94b5-001bcbdfac88,52115218-ccbd-4995-9e67-514d90bc09b6,dc4e33b6-ccf7-4d67-988f-35748b8b4215,89.77,1.7,Credit Card,672.14,11.77,Pending,21-07-2022
9d96bc09-d4e9-4b52-8adf-dfd2a7e5e6e2,e5212efd-662e-4be7-a4a5-0663fb05c3a3,1f91a1f5-2d45-463f-b602-d49fd09bf513,757ac426-2800-4efa-b644-c679cdabd228,41.01,2.83,Credit Card,503.06,41.66,Pending,21-06-2023
3843e6a5-69e2-423a-92de-82b03cb52272,ef5da9c1-c4a3-4d98-a959-f93719b6a113,67894fcb-a731-450b-9102-6274570c14a7,c818f1bf-6948-41ec-b36d-4f9f857098d6,187.73,2.33,PayPal,719.94,10.65,Pending,12-03-2024
71081a1f-3c1e-484f-976e-44b90edef1c2,4368fa36-8f69-4103-a650-b5e8b2ad2ef6,bbb29701-248f-40d2-8265-b1f7d0ab3b57,e7dede16-0fb1-4559-b484-425696354c70,41.04,2.57,Cash,550.69,19.11,Failed,06-12-2020
5d2d83db-a03b-45b2-bc08-dac0117069f9,3c39b463-0dbc-4376-b5f4-10dc71d65e32,e9d3335b-b908-4eb7-9f5e-278219e7084a,fae4f57b-95b8-4e4e-925e-dfd312773c58,53.06,2.98,Cash,820.29,26.42,Completed,28-10-2021
445a33ed-0624-413a-bab5-f7698d2a23a8,a5c4aaf8-c9b7-4b10-8379-7aed1fc3c31d,80de7b7d-4116-4fe9-b5fb-22b0e27a14d4,67798c20-de02-4577-8a8b-9db884a67f04,35.93,1.03,Cash,39.13,47.77,Pending,16-01-2023
cb1ff52b-8489-446e-8018-2eac4086fc5a,341faf2f-a5b7-4a3b-aa6d-72f3e1b7e190,1925dbae-de50-4671-af68-26d93f840b0c,5f9aff12-735b-4474-b2cc-91f8c7d59f31,37.73,1.1,PayPal,648.51,35.96,Completed,20-02-2020
4c0b1a49-8c35-4382-aa1f-4485fa88fd03,5f0a8314-3b2e-499f-a917-29c1b2b47526,123354f7-4021-4c69-8b57-2e4c2ea54f10,5606a4cd-c5ae-4785-8f15-14e58dec471f,114.16,2.31,Cash,916.79,36.72,Completed,04-11-2020
32fbe633-4e71-4672-88ac-71fd61fbc6d8,f7ab646b-23c0-446c-973c-0e9a763890d2,5e942593-c43f-43be-a739-22ac28418615,050a8d8e-c154-4dad-b551-8fc188584160,63.21,2.45,Cash,31.89,24.91,Pending,03-05-2021
b0ef75b4-a2a4-40fa-b6d0-73f168199d0f,9538d277-169c-41ef-9678-b49e249f76e7,b490b951-8714-45a1-9db2-78ee6b098c71,8b8386a5-728a-4a59-ba72-02966e202e75,32.41,2.57,PayPal,393.75,7.86,Failed,17-09-2020
e2be4a26-1d78-4c6a-8e44-c779ae105407,1a3cd1e9-02fd-40b7-8d7c-16f38d22c07d,19fc56d9-7489-435a-a09c-02d09b1314eb,1188ad9c-3667-40ad-8ab6-685f22fc62aa,98.76,2.98,PayPal,778.14,6.44,Failed,14-05-2020
a38cbd1d-47d3-4639-a629-4e8526336068,ce37f659-ded9-4107-8e3e-57054a215489,822caa8c-92b6-4052-820d-355ee9f0e90d,958017f2-2261-4262-89c7-565b1d34d2e4,139.58,1.16,Cash,309.9,8.02,Completed,01-05-2021
4c94b877-9c47-435e-9718-9b0f0c2a55a9,19181224-ae21-44d5-a861-e6ac7e7a881c,d9a6139d-2475-4764-aba4-3286105ec3f7,3d677b12-cc90-407c-bbb5-e28644d9257d,74.08,2.07,PayPal,538.56,23.43,Pending,17-09-2023
cfcc6dc1-389a-4f7b-b7a0-b6348ec37998,01471452-5d40-4481-bfdf-f3ea1cf1a7d2,3fcc8cb4-fc3a-4c1a-92f3-1843f5ae0f02,d3f13862-e54f-40a3-8685-93e024507db3,141.89,1.03,Cash,313.34,49.87,Pending,02-06-2022
a8cca3e4-28e5-4d1c-9cea-2feef8e566f3,3013547f-9378-4877-886b-23303a100cbd,c02e7127-b24f-4ce7-8b43-b620d4a6ffdd,40e12f34-76f7-4d26-a86f-4982d731ee4d,75.35,2.46,Cash,359.82,21.86,Pending,17-05-2022
acaf2ca7-489c-4cf6-b1d5-2cc80c56b3c1,2744e759-10e5-453f-92e2-a69df712f081,af400a43-5bf8-42e6-8b29-ecd481323588,412fb16d-8e85-454b-817a-d27f88b6aa6c,110.11,1.12,Cash,941.25,46.31,Pending,05-05-2022
07df5c9c-904d-4035-84ca-cfd8c7b5a700,90ccbe11-5385-4109-b8c0-00134e50a86d,164ec53a-e042-453d-aa63-2f0c6b2b0138,16712c15-d67a-442c-b630-709d7c5754ca,163.63,1.77,Cash,975.75,39.62,Completed,01-07-2020
edb386e1-c93b-4fc8-b8ca-f5dd3a2a59cc,67af104b-41a5-4518-944b-5cf6c0e3e1ea,670d4bee-8aa4-4b78-95e4-bd10de544dad,11cde51f-933d-44a5-8ca5-0de18f5c5116,198.78,2.15,PayPal,949.98,41.23,Failed,28-08-2021
b594a2b8-ac47-4bed-9630-3bea64ac7311,ee3d9342-c6bc-4175-b0a5-b48b31e2209c,e0cbf757-5c6d-40ca-9834-e486eb50175b,dc954834-95b3-4921-92ab-7047757d6927,147.96,2.88,Credit Card,987.02,19.19,Completed,03-02-2020
145ac974-e5a2-4428-9b0c-f73eda526b6f,68618737-0d97-41ca-8111-5dcd8ff066e4,1b07e2b1-60aa-44c9-86a2-b0054ccdae02,cb129ad6-24f9-48f5-b37f-bf6d70645ef2,54.61,1.34,Credit Card,511.92,4.94,Pending,04-06-2022
129f3764-94b7-49d5-909f-be1a555b9985,7c81093c-6f25-4f0d-a2e7-b744e94366a7,dc413ffb-42b2-4c2e-8551-e2a18c1a4de6,4ac3c4c4-12a8-4c2b-9f67-de357b092ce0,57.88,2.62,Credit Card,361.86,7.79,Completed,21-12-2022
eed00c4f-b6f1-42d0-b269-3946dd9b5fdb,5a110071-97be-4ed3-9c0b-7eb4a26b67d7,aeeadfd6-ec2f-4774-9c4d-f93143a3542a,4d8d7adf-070e-4193-8776-e3eb555e993a,122.02,2.51,Credit Card,573.55,10.15,Completed,23-06-2024
9f54f0de-a04b-4eed-9e08-371aabb18561,458adc60-1dd1-4b5c-b83d-370fda1ea1f1,fc42386d-f86b-4fc0-8e69-60efeb9ce158,b329990a-e854-4ca8-a025-5f3a7e5a60c2,166.21,1.87,Cash,902.43,10.19,Pending,13-06-2021
af422054-ecec-49a2-aba1-42e4013a452a,dc804a29-3246-453a-8953-53e62c09e48b,064733b0-f864-4811-a6e0-0cbb962fbe3a,ee647234-bba0-415c-9c78-fcc65ffbb48e,168.92,2.74,Cash,521.54,42.26,Failed,24-12-2020
2500a6dc-ec3a-4c28-8c26-2e67db9c35c8,996f2e6d-b041-4bb3-8395-1704a91e043c,60d18815-e643-4bb1-8c24-90f9ed954c6a,217e7ee5-1349-4d0d-975b-0f41a04db929,140.01,1.8,PayPal,311.86,4.9,Completed,18-12-2022
3a751624-d880-41b4-b7b6-c1ca08fd1aa0,ee8097c8-a4ec-4481-ada5-3363e9bab943,0ddc904e-eed3-4e1f-9bc4-959798296e1b,389d1b75-f104-4af1-92ee-74a68032aeaa,88.4,1.03,Cash,482.45,25.46,Failed,06-11-2020
6ddb759e-c0b8-49bf-8852-f31cb49d09ad,3caa1574-e7ac-4b21-9468-0b57720ef6ac,cef2119f-2a99-45f9-b8e0-79b44db2779e,e39f96a8-b73e-4c56-a622-d825c3c05ebe,72.12,2.66,Credit Card,788.15,31.99,Pending,06-01-2022
4207d16f-833f-4aa1-8446-f27792558fc0,7fd2d08c-0091-4678-8da9-639a4713d892,9393b2ed-e5d9-4a2c-bb91-086fbdde3a72,d191e3d6-0b67-4e48-9cb9-ca43ce0c295d,143.67,1.82,Cash,426.15,19.41,Failed,28-07-2020
3d169936-03e6-4caa-b730-9567cf9c667f,46a9d100-86af-47c6-89b8-ccd37a7685b4,6df79532-e778-4c41-9492-68cf8401b60b,10235416-fe47-4902-b824-e182fd883693,126.91,1.97,Cash,613.31,10.17,Failed,24-06-2021
8b8f36aa-58fc-43c3-9507-c7b150f09383,9915ff95-dc25-49ec-9a86-c4bd66b9a37c,a8164a2f-ee4c-4a3f-8421-27e3b787fc52,5fe8084f-5fa2-4f97-87d0-e602ce1decfc,151.17,2.68,Credit Card,680.08,18.24,Pending,11-12-2023
0ad838f8-6717-4314-aa85-b7e40cd2833a,e656c278-eaad-4b9d-b05d-30fdfd531a1c,d207a68e-c6b9-49a1-8a46-d23d5f711b3a,3eaaf444-cb55-4840-a697-dfb760dc3969,112.83,1.89,Credit Card,572.25,15.49,Completed,06-09-2020
c1319e98-4165-405c-941a-64c75c380a47,f9521ecc-b1d7-4475-8a95-fe1503a00f4f,72dc8450-3258-441b-a476-3955cf113028,029e1bae-3703-4c27-a8d4-0452e0a10d9b,127.02,2.72,PayPal,673.05,17.35,Completed,27-08-2024
5172e138-ff43-439f-b6c0-f95c0da4e057,274b20af-a077-451a-976a-07628fdca34c,971c64fc-a148-470f-a13b-8ad3c0f3f699,b31dc6f0-1538-4bbc-8bb1-899434cf7a90,98.93,1.83,Credit Card,965.88,21.47,Pending,02-04-2020
0a47bb08-1c8a-4ca0-a4d1-4caa69dc308a,f7543806-66c4-42d1-b899-bab1ca045371,32473913-db49-4819-bdae-5c795b90bd27,ed235d06-bdb0-4adf-b8e1-9f4648e61f3e,42.62,1.33,Cash,914.85,13.79,Pending,15-01-2022
ff9ab3d3-9d89-4679-ad04-9b45d79f3762,e27226a8-94ee-4eba-a736-f0a83645bf02,e14a9512-affd-4538-8a7d-773469532caa,c70377dc-c652-4e92-b358-8520480cee3f,107.85,2.34,Cash,384.19,15.35,Pending,29-03-2023
8f0f3581-fb0f-4b3a-99a3-1a44ec896674,855c4728-27bb-4227-8ce0-4604af713f79,6e73eb83-ea1d-4cbd-82dd-94f8a0ce4780,7f777b8e-2c9a-4baa-a772-3895841dc761,78.82,2.07,Cash,519.46,48.87,Pending,24-03-2024
47c6a57c-0e33-4166-bb2a-7775294538a5,6de4a571-ffbe-4650-84d0-9e509ae38ea7,c7f02e44-240f-4a6d-adc0-1c8cd33af207,3f2a6c3e-4d4e-414c-8ab1-249256c9233d,80.94,2.27,PayPal,436.58,47.01,Failed,05-04-2021
e2ba9d04-12bc-4f64-8ca4-3d234ec91afe,0e2daa7a-043c-4b58-8f3d-77f4add82de5,85843c66-b1d0-4851-9c2a-38797de7986a,e457543c-1f9b-42f1-aceb-8e703f4e9abd,187.88,2.68,PayPal,580.67,37.69,Failed,24-02-2020
c8260ca3-c66e-46f7-acdb-d872ba0c9d8f,a111a8b9-9980-4b73-b4fb-051d862415cd,cb5f9675-895f-42c1-887e-f9a629f6018c,00569c40-d022-4313-a974-97f1acdbc42c,38.5,1.92,Credit Card,389.35,20.85,Pending,22-07-2022
a134da7f-0ec0-44ca-9a86-44340f9d110b,a4d7fb23-7f84-4706-bbc2-00fc1e1c88cc,7ad7b322-e4c9-450e-b611-f7684591849c,19690424-ef4a-4140-931f-7d2257a2da56,177.99,2.48,Cash,497.14,21.67,Pending,08-11-2022
803e24df-cc21-41ca-9acc-f36ff6119185,c1405f99-c760-4220-a37f-09c59ca0f37d,dd5a8b81-8a7b-485a-8b82-738cffe812cb,338e80d4-2230-4535-a11e-68bb060a00be,78.65,1.09,Cash,336.44,27.95,Completed,14-10-2020
c5d5e8d2-cc64-4e5d-a500-53c3eba06961,960b5e46-6e5b-47c8-802b-0d37a3cbcaf5,05c00089-3d1a-4d13-9d15-75a01f6a3b29,65dc7851-a7c5-4d3d-83a9-e5542ad68a7f,53.84,2.24,PayPal,685.61,11.3,Completed,08-07-2020
5eb22a77-9a84-4ea2-aa04-f227d0a8600a,afb040b4-d5e0-41d0-a532-172b5b9464e7,6ce5ad65-3a24-47bc-84ea-52b44939ee10,aef6c7b7-b7e3-4e5c-9105-9a08bcf929c2,104.31,2.25,Credit Card,500.76,8.5,Failed,01-05-2020
5be9bd98-d27c-4b35-bc77-3653e79fd2a7,37e22d3a-33bd-4333-b262-68edb8ba4e4a,38aa4c61-50ec-4284-80e0-3949116d0a06,3bd32dd9-a315-475b-80af-b9110f17e57a,133.33,2.63,Cash,535.15,49.51,Pending,01-01-2023
482a490c-fef6-4adb-acc3-7954bc9fe545,6124ed8c-43a0-49f8-8647-bbb0ad16a2ec,c55ad18a-b84b-49ac-903c-7f57bf286406,28014928-4236-4ded-a1de-0e66d9ef0438,167.97,2.28,Credit Card,336.79,45.92,Completed,14-11-2020
645b5c2e-074f-4b56-8a04-2a53a58336a3,7dd92601-345e-4167-839c-ce1183a94cc2,04a8624a-e1e8-4f0e-8b5a-2e26ef431bb3,e77068d4-7a01-4859-b794-0258146c4e38,84.64,1.79,PayPal,603.32,5.06,Pending,28-05-2020
f9fd6063-9cd5-4237-b3f1-d2c44e66279a,ed7182b1-4b0b-4e30-8ec2-3ca706a3d661,d928a951-a05c-4c6d-a1ad-bcb9a72fb659,f8b5c0c4-bf4f-40f4-9a27-edfd1b638d18,138.22,2.49,PayPal,627.04,8.99,Failed,07-10-2022
1cc3632d-88a2-4bfe-b312-30866e5ea02b,502130bc-0306-4ef6-802d-9f372832f0b1,fa310ce1-9be8-4e25-8e6c-ce89bb0550db,9554b477-db26-41bf-9296-80875f4eb788,25.54,1.65,PayPal,78.05,16.32,Failed,13-08-2024
c1717a8c-cb51-4e59-b8cd-27ee16e8854d,84b1f779-f825-4b29-a40d-7c42bd4027a5,f5fafb34-ba0b-4e31-899b-8a4a7b2b18d3,fc152546-0bfd-4cd0-bcb0-6e9d060d3e56,175.6,1.77,Cash,312.83,29.59,Failed,02-12-2022
e4d55f1a-8daf-483b-849a-aff6cb24a86a,f741a032-1acb-4599-9adf-74faf3c572d4,c97408fd-45af-43bd-9a99-cca47f453ebd,a218629c-5d65-49bf-8212-aa353a523d79,19.47,2.48,Credit Card,861.47,32.78,Failed,27-11-2022
765dac0e-aa6a-43aa-81de-e25269f22c23,8df65823-80d1-4c8d-9ae5-e088b3902486,1bbc7d0d-c0a6-4840-a06e-38195c3a58b9,c24cc9e7-2ec3-428d-a0ba-8abb4d9df7e8,63.11,1.09,Cash,941.15,20.99,Pending,05-04-2023
60972b8b-4a7e-419b-9db8-62adcc48f5f1,ffdf3a52-c259-4b39-999f-7b87eb37cc3a,055f410d-27c2-4075-8506-dbe22a53e3a8,e9cd000e-ece8-4913-a1ba-5fad613adfb7,199.43,1.15,Cash,820.26,16.47,Failed,30-03-2022
5f3b41cc-162d-4fa4-ba13-5895f6d7a89e,1cafbe2e-f4f6-471b-bc10-64dea3e76e81,959f5c23-5936-4a5f-8860-15fdcb7334c2,5203c5a8-bc87-4975-8048-a8b818b80486,26.3,1.26,PayPal,387.89,20.85,Completed,23-01-2023
89d5ee5c-49a2-49a6-bee5-55eea01e9a50,5a03497a-3fc7-462b-be9f-304c709e311f,5b427beb-67b5-422d-bd62-c06169152d7b,538b01a6-81d9-4dc7-8a7e-9924ee5f6398,65.12,1.38,Cash,398.91,45.71,Failed,05-04-2023
b4d78e66-0205-4ceb-b756-bcfaab4c5a6f,2c1fcdd4-eca2-4784-bad6-42d7c2b3777e,8a856ccc-f5fa-4b26-ae8d-aa9e39027720,52ba8cef-9094-46bc-85cb-b434b28cefd8,147.45,2.86,Cash,776.86,3.19,Failed,14-03-2024
5f965d69-d823-42cf-ab59-3c3d0a374a9b,7392209a-7633-4425-ab6a-7acb442882b5,f044e406-1554-471c-b3f7-418e4e18f69d,17c9c421-f9ec-4fff-902b-ec7dd58d68da,37.87,2.67,Credit Card,682.31,10.09,Failed,07-03-2024
dde34b5c-9c10-4d1a-ac36-5bc178773113,ef781428-2715-41d6-81ab-8e637b4217a6,4dc0c9ea-f8ea-44b6-8f27-fd243beb98e8,bd5da7e0-05f8-489a-9b46-3c6185893924,64.14,2.33,Credit Card,369.99,11.07,Failed,11-09-2023
a1044474-d2b3-4bbb-858e-5e33979524e9,eefc17d9-1381-47fc-a893-6f37311f08d7,625016cd-796a-4166-a862-d79a3001d205,59cbecbc-5363-4685-afcb-8c24034b6757,145.22,1.67,Cash,937.55,29.22,Failed,14-07-2022
2ef69660-4709-47d9-8d16-d7ae897b0f74,5e6358ae-0a52-4ebd-a1e2-f917bb79d7c1,ec839d74-1e1b-4375-9da2-877b5003a41b,eeab9dac-862c-480a-9a0b-a66e528dfb70,99.26,2.16,Cash,452.65,23.79,Failed,07-09-2023
315e6a06-ad82-4cc1-a9b4-436ecb5e1e88,952a5b88-1183-46d4-8901-da486e74cbb0,2363f44f-4b6c-491a-a1c0-7359a673489f,b25671e9-7d50-46cf-aa4a-4cbe4649dd93,81.82,3.0,PayPal,691.15,8.9,Pending,01-12-2020
d3463bb9-320c-4d5d-a396-55393b5e9e26,06c9b13d-3d64-4e8b-a4f3-f2897a565e8a,f722fd2d-1d65-4050-a016-864b6d215b71,c165491f-ff5e-45ea-916d-82b88e5bc0c8,19.11,2.97,PayPal,819.51,18.92,Pending,12-06-2022
a668e4fa-5505-4f4d-a9e7-b735324b20e9,32ff8ce3-89dd-4fc8-acfe-708144ab2fd6,4fadd40c-085b-41d0-9a05-bebb8f9006bc,83efdf93-0e6b-45cb-9990-0f6c0ea59409,25.63,2.56,Credit Card,650.53,46.31,Completed,04-06-2022
1af79551-ab72-4a01-939f-e33c1fac62ab,fb8aff91-5855-4f90-969a-60ed1cc43ecb,73976044-8bd9-4b62-b1f9-1c8c3f5d64fd,d06ed573-c381-410c-a8c4-6a528e6b6982,60.1,1.56,Credit Card,934.54,10.6,Completed,15-11-2020
8dcb7dc1-b3cd-44b2-9771-1317bd14333d,bbbf1c32-119a-433e-95d5-30ce2e3d3e79,5028010b-0571-4e40-a525-890b2d22a0d4,9fce667e-fd8f-4e65-99fc-dc53ecb348cb,172.27,2.79,Cash,850.42,17.0,Completed,24-08-2024
fb701da3-3c67-4476-aece-23e3e579e754,99ae93c0-4b78-4b2a-a28f-834aac1659f3,ea4fb648-d19a-4845-baab-c0c56b03056e,01c5ed33-143f-499e-87b6-c75cc5e6736b,78.8,1.94,Credit Card,488.36,5.25,Failed,15-08-2022
fca2fbcd-4661-4d1f-a17b-ff6d548af474,4682f992-1e4e-484a-803b-19a4c94f8872,8348618d-6213-4d60-99fe-d64a42898410,b6c9fc3b-a632-4565-bf69-b226907002c5,96.78,1.46,Cash,881.09,34.24,Pending,20-12-2021
42a91f82-39df-47c9-9886-e1abf67870f4,4334d89a-4fa7-4b7d-bc3a-de14d717be4f,bfae883f-4d9f-4c94-abdb-3ea28efa9e2f,23671936-40ba-4e07-a071-aa504301fc14,160.94,2.28,Cash,642.2,10.77,Pending,22-01-2021
6a6c29db-d3ec-4e37-84e1-24a0dd8855e9,4437cbbb-b3af-4ca4-8d46-dd791f532a51,f1f1941e-aaeb-4160-aafe-9fb7e32a80ad,fbf6a094-7e9d-401e-9f02-7555539e4da6,87.79,2.91,Cash,46.95,39.67,Pending,09-01-2022
303a7a03-2f66-4eb5-9402-bcc4b9ae34b3,4982ae86-3e8c-4197-8af9-83565da08b96,b16c36c9-b26e-41c6-a32f-953d12a25edf,9ac3fd6b-101a-4d4b-b035-5231dea8bdb3,66.33,2.25,Credit Card,326.14,26.07,Completed,02-02-2020
7719f92b-0e19-47d2-8b4d-5c4cf36f7557,0769c9ce-079e-414d-9e46-7efab9304f2d,bdb400bf-f6c0-48e0-a529-459d99e9bdd9,efd3b6f3-77a9-4880-9cbf-87b0d783f112,45.05,2.09,Credit Card,512.87,35.31,Pending,19-02-2021
a1c059e9-3ebf-468b-b20b-4d02baa221bf,754d3bf1-77a8-46a4-8a47-facfe387e5d8,7f628d58-bfc2-427b-9b52-8e9ad9183e33,3d87d1f7-256f-4da0-aa4e-488ad269ab5d,113.82,2.68,Credit Card,784.72,22.99,Pending,23-09-2023
fcc1c7da-1bf4-45aa-b12f-0a6778bbabcc,a11a003f-8b0b-46d2-875f-65e636ba5460,b2e3124e-bb7b-41ac-a764-2ffb128cc225,0128b5d1-7c66-4bd9-860b-035fce5fa01c,142.93,1.91,Credit Card,724.74,2.97,Completed,13-03-2021
0951e838-4dcd-45e8-ac83-94283008f3ff,b0472d2b-c24d-4b04-9f0f-615d249a248a,c3ffdfa6-e62e-4892-82b2-c5bb827024f6,d1bcee9e-111a-4763-8efc-75986cbb752f,138.67,2.12,Credit Card,308.4,48.23,Completed,30-01-2021
ea4a0f2b-befd-4dfb-8985-44a1c7b4e666,fdeb9173-181f-4de1-b8dd-0be60c73fb35,b30535fc-4e05-4540-bee4-43c74047ea8b,79861039-8e4b-43c7-9e4f-4bcbf2b4a683,36.33,1.38,Credit Card,850.66,38.87,Failed,05-01-2023
387fb5f7-0583-4868-9834-439e6ec3feb4,f5761a8f-1f2e-4a84-8ed8-08d7edaa645c,be1d6cf8-0152-4644-9053-0928ba2c5c5d,5b2a6d01-0299-4f8b-9651-27cbaf482c28,112.91,2.57,PayPal,965.53,31.68,Completed,08-02-2023
362866ce-6970-41e4-b0db-0729a55b6585,38e66701-cfd3-4cb7-9c8d-090742ecf323,7834539f-ec56-43c6-92e6-7b92e9061520,03e4ae83-85ac-4e1e-8984-13c2dac758a5,146.71,2.44,Credit Card,498.55,18.24,Completed,30-11-2020
8a101029-2b22-443a-a2a5-0c649b936fca,483f5185-ec2d-4fd6-baeb-f44e695b756a,b05cbfd1-315b-41ae-9598-5514bfddf22a,36a755fd-2b69-4b18-b340-562cc5307169,15.06,2.46,Cash,954.09,8.3,Failed,23-04-2022
c329a0c5-193c-423e-a031-247f62f1eac7,48c3d26e-e33c-4d09-aed8-1891f1ba33f7,60b250cf-07a9-4bf9-9436-cdf737ebbd38,bafac438-b5af-4c56-a750-b9c721851372,132.43,1.07,Cash,797.77,19.25,Failed,13-02-2021
59961088-8cc3-4628-9985-33fa54b50d4e,27787a24-c6c2-4280-b044-680118092181,7a86c428-603e-4869-9d4e-1b3e3d3c4b4c,2dce761f-70f8-4b13-beb3-ce063b5111f5,142.77,1.71,PayPal,668.72,24.04,Failed,23-02-2023
0b9dd72a-df26-4cb4-acf9-41d59e7b30c8,670d2c71-23da-4fe5-a26b-464cad7015b2,6d031363-17e9-40a2-8471-06b349a2b23d,eb95f2be-2b9a-45c0-8313-031fe2e9029a,78.55,1.05,PayPal,748.31,41.85,Pending,04-02-2020
1c71403a-9f55-46c8-b3e4-e3bcc348f3a6,2c17629e-1856-460c-ab46-8f96bafb219a,99d15b7c-ffe4-446c-9cf9-75a8e62c1627,aea538f8-3659-42f3-8bea-ab64db09bfc8,54.29,2.29,Cash,354.77,19.6,Pending,10-04-2023
04dc055f-5063-4d1b-bc2d-72fd8dde93b5,b9dfd836-78f8-4ebf-ad4c-0eba2b72b355,426ef2bd-6bf1-4b60-90e3-b1b12a01cefa,7de41bde-aa0b-4b07-a9e3-3a89ac0ecb32,34.72,2.52,Credit Card,792.09,24.65,Pending,03-12-2023
f7f67b65-d366-4298-8637-b89a592bc216,8b2a2ddd-02f4-4601-97b3-046c866920e2,76fd45c5-aebd-441d-86cf-37f457c65cb3,fed6b221-74c1-4752-888d-c2c2934e5665,125.58,2.96,PayPal,539.28,46.34,Failed,29-06-2022
4d986c18-b348-457a-bb4c-738256cee750,31815a21-82aa-4be5-b861-21b8db4cfa5e,3068d8a3-5284-4299-8435-16a7f56e8bc3,6889764e-0e16-4dd2-982e-ab7314ac0bd8,82.9,1.98,Credit Card,8.83,43.03,Pending,09-12-2022
6cf02d91-c718-4ffd-93dd-7f9840bea564,7ed167fb-ffe9-4113-a125-4177afe31b20,e5c47384-fffc-4986-ace8-07bee0c5e870,fffebee0-1173-4338-b52d-c061f5ae7ca2,123.28,1.13,Credit Card,46.78,34.42,Completed,16-08-2024
cb5fed05-5b6b-4476-9b10-edefe07f91e3,491e8a65-061f-46b3-a560-9da1e4e86e2d,b5396571-d5b1-45d8-8e51-1f2560c99e71,86cc2438-3a4d-4e91-8973-4464ec64bd3e,10.3,2.24,Credit Card,52.01,6.45,Completed,20-09-2021
c2790cc3-55d7-4da8-96b1-86b3e729c3f1,ecdcaf07-51f2-4862-a8d9-343a0f13e1d4,6204d943-cefd-44be-a271-9494d4402e33,ecc6109b-2211-489b-a70a-44e4c58c9c6b,188.13,2.84,PayPal,864.69,23.58,Pending,13-05-2021
4f0679a0-34c3-408c-9fdc-5dcf90dffbf8,655a7f53-3b49-42b5-859c-417ff5ab3eec,63f30990-67a9-4517-bf75-34ec27a4920c,f8a66a62-04ac-426a-8677-a7632371429f,61.78,2.79,Cash,870.01,31.37,Failed,04-04-2022
2b56c61a-82be-4a57-b479-e756fcac999b,e7d96e67-c25f-4520-8de9-7450a3354bcf,2c637071-871a-44b8-9925-7f50ace17489,1509a2d6-7b2a-4ed9-baed-2c1242a1eda4,104.0,2.54,Cash,965.14,17.26,Completed,22-04-2021
7cca73e8-2e7e-4478-b764-61d79149b566,9b5bbc37-90a4-457c-a925-1fd2ab5abe71,2ffc9fc1-0826-4383-8fd4-f9c6784beb54,e26bf40e-c53e-4db8-b4fd-8baa0506feda,83.06,2.34,Credit Card,142.75,35.08,Completed,03-09-2022
a3d9d87f-b815-47f1-9ff9-a91597398c7f,35f558c1-92f5-4ff0-bb11-3f1ea681ac57,c76072b8-0c50-485a-a069-907d153e1ebe,fb6704cb-94a3-46f8-8ffd-960ebd2c72ff,145.16,1.16,Cash,455.63,9.23,Failed,06-08-2022
8f9fcf77-e79e-403d-b24f-125d31cb423e,4e282515-bf5d-4117-b95f-82002c2e6a08,af36da51-84c1-4d64-accb-90030e7e51d0,82b864ab-9e26-4c64-a998-6de16e450db6,99.06,2.52,Credit Card,436.4,31.37,Pending,23-04-2020
bf0bd830-ad84-4c58-b93c-7876217311f8,c42d679b-7aee-4c44-8dd9-ab80dbef2c39,9ec0c255-fbe6-4e75-a3d9-c0aaa6f49b9e,32b64d3a-2994-4bfd-855b-ab8d80d0f043,165.67,1.27,Credit Card,377.0,41.73,Failed,13-01-2023
24d3a691-15d3-43ac-bbb3-76fb80662fce,cbc1df8c-8328-45b6-84fd-2a901aafea1e,5ce6422c-50f6-4034-8d65-124d9d2cf59e,08e55e40-1930-4989-bf7e-29506f777bd3,44.88,1.2,PayPal,756.17,14.56,Failed,12-12-2020
f4634a3d-40af-4d9e-b53f-d982fcf56183,eca76a97-3d77-4be0-b978-0fd6bc33e9de,2bf44b8a-dcec-4619-8c94-f29782ba7203,59d5f9d2-5d90-4541-af42-d0334ac31294,183.64,2.82,Cash,923.41,11.39,Pending,25-04-2022
2f92b7ec-b017-4f7e-90c2-3fa94089fffa,1b6fe70b-d44f-4157-9f72-548dcac12388,640c2eea-b42f-4a8d-8dff-0aa322eef6b3,776f5ab8-16d0-4096-a8c0-3c96093c9415,183.35,1.54,Cash,688.62,23.43,Completed,13-06-2021
111231f1-d807-4678-b7a9-ff8c46997024,022915e8-fc8c-4cad-b369-dd5dc1469b92,d0033791-766c-40e6-9a71-f13f517f50c5,982d3e0e-9217-4ba9-a6d7-0143af1a0e78,75.33,2.0,Credit Card,675.37,47.62,Completed,10-01-2020
95023385-763f-4652-ac5c-1267db7b4b61,87e57924-06b0-4ed9-921d-c76f20933bc4,4a994d2d-304c-437a-b07e-4b07e219d6ea,61cd48eb-34ea-4bfb-93a6-a79ce640ad02,9.13,1.26,PayPal,930.3,17.32,Failed,23-08-2024
d1b484ff-3d6b-473c-a88b-5321355a23cd,893842ee-7fac-4844-accd-c1fb03139ef2,f98e3474-b91a-4231-a233-7c9089742cb9,265d47e2-2e6e-4184-898e-fca60f362bf6,48.53,1.73,Cash,836.52,34.35,Pending,26-05-2020
47364500-0462-4e53-81ae-617a04ee7ffa,fc217aa6-e6f3-41ec-8a75-31b6f1759a46,85b32141-7946-4130-ab73-a3ca3889fdc0,b6d5c28c-f9db-46d3-92bc-381c019d07d3,19.32,2.09,Credit Card,754.9,27.77,Failed,23-04-2020
21153a5f-a967-479a-904d-ea81174b5592,3aec52cf-54a4-45b7-9b3d-294cae674219,9797d996-bf4f-479a-90ce-8c1fed3dd80c,ab21af9b-de38-4d50-a489-69ae6962b0e5,11.5,2.68,PayPal,805.69,30.85,Completed,20-07-2022
e6c44083-2524-4e18-be43-862efdb84206,4512fcb0-1b5a-43d7-9420-b436d43292b1,f38eed0d-69b9-40cc-a25d-ad0d8a6f5279,47cc77c6-9aff-4361-8ac5-6600efe1bbf0,118.86,1.83,PayPal,480.63,12.51,Pending,04-06-2020
fb7e03d4-1a6d-49bb-93e9-c3d8866e72f1,44b810a8-5687-491a-a367-1e178c1aff36,f412600c-7589-4e1a-9949-82a3b4f5179b,91b7e4ba-9c4d-4b88-b049-aba02bbee948,169.94,1.81,Cash,922.42,30.94,Failed,05-11-2022
38b450ee-8614-49cc-84ba-5ad00153027e,db98f333-59c2-4f2a-a88a-8b410edc9d3d,c323e678-0882-4b4c-b0ce-a8376534ea71,f1c49bfc-2290-4d88-a347-63867526bcd5,16.36,2.97,PayPal,786.0,47.5,Failed,23-02-2020
0742c952-0aa6-4e21-a5ba-77a08c169483,ac8044c6-77fa-45b1-8c33-59f6e8fe1e15,88f5e17b-5db9-4e0e-9f0d-21b336cf7a14,a9ec6534-8399-4756-99e9-07ac6df32673,152.93,1.85,Credit Card,913.44,20.98,Failed,06-06-2022
e03d3aee-79cb-4a7c-ad46-e67ea64ff995,41adb7f2-e8a9-425b-af24-ba40c595c12a,efd55772-5a18-4f7b-990a-a504bbc62418,bb5ff02e-567b-431e-a230-f007962a93f7,65.8,2.88,PayPal,427.55,36.37,Failed,16-01-2023
6fbc2233-7006-4a6c-9077-2c0a72843eec,1c70cc45-69ba-4daf-b20b-2d33e78e6292,7afc7928-fb38-4c2d-a8d1-caff39b62452,cc85b992-1bc2-4144-bee8-93b845b1519f,35.41,1.8,Cash,772.32,26.98,Pending,11-02-2021
6cc7f69f-733b-4b37-a269-513ba33bd095,39613110-60ea-481b-b5b4-295b56d4ae75,52155fe8-9376-4a99-87bb-233c3a029349,b4aa65fa-67d4-4b92-abf2-f9b656c257cd,131.37,1.43,Cash,404.44,24.91,Failed,01-09-2023
6506a15b-1dba-4a70-bf5d-a6ab4d30bca4,03ef4e55-0157-443e-b53d-013190e95bbc,c4322e98-1e3b-49cf-8285-7d58c5bdb8e6,deafb3eb-278f-473f-8a85-0f84d668bb7f,16.77,2.31,Cash,300.12,42.31,Pending,07-03-2024
d42cda98-02ce-476f-9a68-488086897f65,1be36d14-bf10-455a-bfb0-145409695b6e,76558f09-e731-4cac-86ac-a55e28880580,a8259156-b815-4e7f-8720-faabd47dddf1,80.2,1.95,Credit Card,990.84,13.13,Failed,01-08-2023
444d3ecb-a052-4ca0-a4cf-69dfbe2c78ed,d970ccc8-7d06-4f61-aa47-75e36ce74861,d8a329b2-ddc5-4469-a7ea-9fb8538d9c29,91426a51-7122-49e5-8969-264435871c7e,152.41,2.37,Cash,807.71,19.3,Completed,24-07-2023
bbaaab1e-2dab-46ec-8ac6-7e3a804fb6a1,307c8c7e-7fe7-4b2a-86a2-53105c758cd9,70664aa7-f1a8-454b-864e-a4468c610ebc,79ff1690-2651-41a1-9358-27b1c27cb420,59.34,1.96,Credit Card,662.45,27.63,Failed,03-03-2020
af129412-33a7-4bd3-afa9-e9ce13bc1a18,c4436a40-0c0e-4c92-a998-f9b249780d29,c978bed3-2ce3-4868-a50b-4a6c492fab8c,f035e597-83ae-473e-97ac-f0283a253240,133.22,1.87,Credit Card,784.11,12.29,Failed,06-04-2022
233c3cb8-13ca-4b84-90cd-631becb5f334,3f0d826a-30f4-44be-9532-a79ce5737046,77000747-4129-4c73-b64e-dfe4d0a26cdc,6fe9bc96-8f13-451c-a2ad-13dfb2f56f4b,19.16,1.19,PayPal,996.59,37.55,Pending,23-01-2020
0d016a5d-192b-4f0d-a6ea-d6c582848cc7,4e7ba189-ba71-40c7-8c0b-4553a436288a,62fff2f8-1922-48aa-abe9-575c3687569f,8f9ee4b5-4761-4132-b111-d8a94a474611,199.37,1.54,Credit Card,485.43,9.13,Failed,30-03-2020
349d2400-914f-4f5b-80f7-21502d48ede3,fc9dd131-f9a7-4304-9bc8-fb623d7b001c,1568100a-2262-42be-832e-0fa12d58b4cb,e1edec0e-b0c9-4739-946d-497583ea7175,57.6,1.7,Credit Card,960.99,16.09,Completed,11-08-2021
5fea963c-245b-4c06-a53f-7f1a928028a4,702f5591-fe95-4c7a-a839-3bed67e58b02,8d61fa5d-31ab-4a07-8269-e4f0f6f42843,5d846921-b94f-40b0-ac7b-833dd956ff2c,173.32,2.27,Cash,489.3,18.25,Completed,23-11-2021
8bdf1927-427a-4886-8325-bd3dcaf1c82d,60870b89-c85b-4137-9a4f-33607799bef1,b6bec576-95e9-4aa6-83e0-0a9de2ef5534,29781796-1a02-45b0-baa2-677dae85599a,27.07,1.1,Cash,869.69,3.84,Completed,26-04-2024
e3fcb2d2-61b0-48b4-a80d-6faedfa5d396,a7841e8a-1d4a-4f30-9b43-70a1fcdd8b9a,dc6c85c6-ef22-4a71-80b5-df220b177ce0,61de9ed9-e44a-45e1-9683-14aab3798d71,35.96,1.06,PayPal,373.68,18.44,Failed,03-05-2024
ec605138-4c34-45ff-85b9-64a52aa688fe,cdf02a18-3319-4ecc-ae7b-d14de59de610,8804d634-4a7d-4518-bcdb-eaa0b3bef1a8,f879f46b-cedf-4d5f-be36-489474a1657c,102.09,2.35,PayPal,892.88,17.46,Pending,19-11-2021
6bcbce80-675c-487a-8cd6-e6a998c5edc5,87b1689e-57d3-4986-b31e-f5067283721a,2e308971-ee42-4b9b-bfbc-a5329533c403,8af11596-25c4-449b-840e-3cdd7ab4c40f,199.82,1.89,Cash,846.27,5.18,Completed,14-07-2020
6ce1ab3d-2004-4106-9a24-17ba2d030e33,75350dbb-a6bd-443b-a91a-f6522c4a5e60,f29e0cf5-af14-45cf-b433-57bda989ec8c,ffafff07-515c-4d37-9e24-8677fa32f3b7,172.69,1.37,Credit Card,548.29,17.06,Completed,13-04-2023
48c8a580-d23e-4b82-bfa6-71530d42fc14,694dd433-fcf2-4c8c-9958-966e46d52f41,42a139ea-b567-4f9f-bf07-6d686809a16b,b6094b7c-f350-43ab-8538-ba110bd1c2f3,186.4,1.92,Credit Card,588.05,3.28,Failed,22-09-2022
13e68255-9aac-4a98-941b-d29120262871,c00e02cb-dfd5-4a76-a1bc-b6a63f65d6b8,f03244f3-90e6-4c3a-b18a-f774be250960,86d01a2a-b824-470f-892f-a1d2f6ce7617,189.88,1.23,Cash,690.6,19.31,Failed,07-09-2020
67010c19-36fb-43a9-a792-4386e1ebe367,7a61d892-a87c-47fd-916a-62e50c384467,a4651b4d-b201-4e0a-b8cc-97670d0e3836,04c685f6-bc27-409c-87d3-ed75565482fc,122.97,1.97,Cash,115.71,47.81,Completed,14-02-2020
dcaf07ff-9c8a-4427-bb5c-52d2d82fae33,3ae637a9-1b10-4fa5-b229-2100a66660f0,2230ecaf-1620-4bc5-863d-89033db68a76,2809f8b8-c7a4-4646-aef2-3ee8d77d52e0,55.01,2.84,PayPal,951.63,31.08,Failed,16-09-2020
8c90bbab-c99b-44f0-b7d8-59beaec62e28,2e541ea1-2273-4795-96c3-49ef8f20332e,dae6020b-253c-4bec-9f35-ca7d5f5ce5f4,698cb93f-cec9-4a2e-8420-af66bdcf88ff,70.31,1.12,Credit Card,731.36,41.39,Failed,14-03-2022
d3f77377-7889-4812-8629-c4f8bbd9dcf3,695b4c30-e2d6-44a8-9364-d25b5c0b2310,8602b0ca-bd44-4a66-bc38-aef6ff27630f,b1e0b996-81d3-4433-98f1-92b7015ff2a4,51.34,1.36,Cash,911.71,18.09,Completed,15-12-2023
0850efe0-3c24-410a-a300-d719a485dad3,2f1e7946-aa4e-4bb3-992b-8314f5df89de,2a0e7a2d-5905-42e7-b098-dea2576d0616,a61c1f14-4c91-4ff9-a8b3-31c583659b30,161.39,1.67,PayPal,354.86,35.65,Pending,03-09-2021
d8f7b150-1d74-4c40-bd48-2fe41c00726d,22ee9acd-982d-4d9b-a175-14c386a9830f,1e513cf3-7a9a-42aa-81f7-f880c6086911,bf4854e2-a9d5-45bd-bde5-4408d3f599fc,25.35,2.06,PayPal,811.11,22.44,Pending,19-06-2022
4059d12a-7083-442d-9a16-ea26777f5af9,458813ca-cea6-491f-8295-fd63b85d736b,8443af32-267a-46e5-9169-c5c13598dfc8,2c315655-d0b7-4c65-b577-f1bda33ded03,148.52,2.15,PayPal,676.17,7.57,Pending,14-06-2024
9be4f125-666b-416b-b208-20a3dad06991,0d7a676c-32d3-4e41-8d0f-536d68fa1584,195069cc-9d1f-4814-b378-fa1db518d31d,5b20ef66-8c69-4c47-8a3f-4e398707a54e,75.35,1.15,Credit Card,729.94,41.11,Completed,28-04-2023
1ff4ae68-5b4d-41b0-aa33-f9cd32a77304,66bb0e41-4f1e-4764-9bb2-4b15794f6fc5,834c09ac-b026-483e-9e8c-51693518ba44,ef1aeb14-d57f-4c30-a523-9ca08b98f550,65.59,2.73,Credit Card,447.0,34.77,Pending,29-10-2021
5b045218-d72b-4cb6-a1b3-f27c4cc34b26,fc79dcd9-1ad2-4812-9a0e-1ee39cf8de9c,c128f086-2c07-46fb-8d01-3daa87db6970,d3fad726-f20d-4848-903e-7c7af8389cf4,131.52,2.59,Credit Card,474.32,17.32,Failed,16-04-2024
3c6e6b57-5cdd-4192-8085-c4d5cafd76bd,9321f24e-bf37-4f37-9277-8ec8e2fe5693,8b033405-e0d7-4422-9295-319c609083de,8f2e0b5f-266b-48f6-92ba-a8fc2603dc76,145.95,1.01,PayPal,826.8,14.84,Failed,08-05-2024
31786420-d06a-490f-872e-86644c52d493,15c9e278-5092-49f1-b119-e79edd6e1fcd,be81ea40-1130-4962-a4f2-f97d319a6614,75487a41-d647-481a-958d-09428e8b6546,50.25,2.2,PayPal,649.8,10.71,Pending,01-02-2020
b8f42b6a-9d31-43b3-86d5-4cbe8d6fca91,69dda966-c5e4-420d-a60a-dd67e6de23d7,33a47e6a-21f4-4e40-a58a-a60a5d447fc3,c23662ad-fade-4722-b237-6b6618222a8d,62.06,1.59,Cash,582.33,13.76,Failed,05-02-2023
5d32e8f9-ca64-4bc1-8820-79bffede9f99,51eee2f4-3387-4f7c-a2c8-eba0e43acb8e,f1497f30-7b46-49e8-bb0e-9e94d14a700b,2d09f6d7-b372-4e13-a893-c57e43f88749,185.0,2.69,Cash,594.26,21.21,Failed,14-12-2022
08c6af12-3e26-4eff-9e53-e1544eaacffa,c0105f38-3140-4f76-bf53-d4af369e3e11,4cf118c1-3c03-4e61-bb81-a299a98fb34b,b830d127-6d6c-41f5-bd50-bf30f342499c,92.83,2.21,Credit Card,305.07,48.38,Failed,06-01-2024
e3b16532-ca29-4700-9abd-ebd460d9643b,303377e9-9474-4a40-90a2-e0b08fd31e53,203640d0-316d-4bda-aebd-2d11d6d7989e,146ae99a-c5a8-48f3-b062-02e329a87806,137.15,1.99,PayPal,112.05,37.86,Completed,15-12-2023
0f1ce488-7405-49d4-8b1b-4e5b25c4f230,bcbf220c-0b0d-4d6c-90d1-6eae22d6db7d,33c5b57f-c905-475b-b9a0-e3158e1da7a5,e4fd345a-4a56-4dfb-a251-7716e756e975,159.71,1.4,PayPal,769.56,17.23,Failed,03-07-2023
1be2131f-f776-41f9-ae0d-4de89fec041e,13abb67a-5480-4068-9d32-12f461a86772,625f2612-d759-4cbf-9c4d-430b16aef173,f47d6eb2-667a-4611-90e9-cec642dec7f6,55.86,1.44,Credit Card,861.36,15.46,Failed,21-06-2020
4c789616-77d7-4480-a1c6-389828580aff,0d297f9f-550f-41bc-b55e-4c9fa35bd3f0,d2e29f1f-27a4-439b-8d7c-b9c3afc52f8e,1f022ce6-a17c-483a-8419-ff5ade2cf42a,168.64,1.28,Credit Card,346.9,30.4,Failed,27-07-2022
333427b2-5155-464d-b501-d63d408dfa2c,209dc713-529e-401e-8258-e03acba30457,94947a89-a3b3-4aa2-be2b-ab24ec1f8ada,f27c2a0a-e7ec-4013-a47d-a865f7ef3357,150.65,1.06,Cash,668.16,47.1,Pending,29-11-2021
422f44a4-e283-42aa-b342-d70f89dff7c4,242c83a7-d086-4857-9daa-70cfed454ee2,f17f7c2f-4a5d-437c-8dda-d2f0cc0067ab,5b387c27-706f-4d64-8ae7-5c0d925cdf4d,199.5,2.21,Credit Card,835.97,38.59,Pending,04-02-2024
28fb373f-1ddd-45d7-b67c-8fc5bf1e7c7f,2ebf537e-482a-4075-a6ba-707101b8d60d,32f03053-a6db-4789-8976-4b44b27be98a,57d884bf-ac6f-4225-aa6b-6be55f2c7f2e,49.87,1.33,Credit Card,796.31,35.68,Failed,08-01-2021
2d45031d-1252-4000-a13a-5b5f1b2fdeea,8798481d-2dc8-421b-9ae4-87118344baf3,5d41232b-d989-48ee-8a89-1bcdee7a67fa,c1a07062-ba43-4783-8d75-86f749bcf5e9,35.94,1.22,Credit Card,881.57,10.23,Pending,11-12-2021
6024bcbc-6aba-4364-8b7e-cd7d675aa3ec,303f7883-b10e-4b78-a3b5-2299cffeed1d,33ff840d-2b51-48ca-adf5-3f2eac40e547,edaf2dfd-0932-4b5e-9572-da4413471ee7,7.12,2.0,Cash,86.26,27.89,Failed,21-09-2023
a3f9b54c-833d-4a6c-a842-5625c2be3eb6,25e036f1-7ba9-48b4-a845-34292ffdd114,f3e9ca41-7c89-4b19-bdc6-dd3b4c443275,c7e0b9d1-a2c8-4b02-8e11-2198e1735223,147.98,1.38,PayPal,833.74,32.24,Completed,25-08-2024
b95570ac-3211-4ca8-9990-8c48e08ff9bf,4bdf9e0b-cced-4dec-817b-6291445de918,fbc855e0-d4f2-4d8c-a0d9-87c009ed7df9,5cd53dd8-4302-4d13-b5e1-4b12162d32db,135.55,1.91,Cash,764.49,16.84,Completed,09-06-2022
8195d61b-187f-4b4d-bfd6-3b439f5a2405,0133358b-c3d6-4fb0-aa5d-0d78cd88844f,f62df310-9477-4e40-821a-fc1190d48c58,9b7823a3-1fbf-4b3f-8783-5192267dabdb,153.3,1.5,Cash,338.4,48.77,Completed,23-11-2020
dcdc7cb1-dcc6-49a3-8f32-144b1e2ee047,28576c8a-13c3-4fb7-b084-407b85b029a5,07e8aabc-d48d-4848-a731-9e3e5adf01f9,433bc99b-84af-477a-b8c3-471acea48832,47.68,1.37,Credit Card,793.93,3.76,Pending,29-09-2021
07af8132-c09d-4fcf-b967-ccc217e79224,7aa14a8e-1d57-427d-866c-5ed52be896c5,ed7e40af-d3ad-4bcd-be97-96bad5fb7f02,83c8300c-afb7-42e6-bda0-fb80535b4744,10.0,1.0,Cash,659.92,17.01,Pending,07-03-2022
43714802-f186-4ee6-8762-5e1db4ffebf0,57cb85f4-44f9-4dd1-a15f-adbfc39896dd,17676843-b667-4185-a5f0-a978140e3e36,0189a8b3-cb73-428e-8c2b-8ce25a647760,164.39,1.33,Credit Card,307.84,10.77,Failed,30-06-2024
19940455-e69d-4d9e-b51a-ceb0915fc9c1,40bbe1dd-8fa1-45be-b886-7e6733f6736f,f3a5c779-7228-4394-8016-c5ca99e21d38,d3f672af-9d40-48bd-b664-91d09876ee97,76.41,2.56,Credit Card,967.88,3.81,Pending,04-01-2024
17405dbe-b287-4d7c-9a3b-7c5aa77e564c,3b33c9d4-5fa9-45e2-9bd4-4939b4815e31,dd8a2c41-4ef5-4267-b625-deebcc8e5faf,6db0a7f6-5c45-4d6c-97b2-ef35ee26b1ca,69.05,1.92,Credit Card,663.3,34.29,Failed,09-03-2021
30a418a6-1d79-444d-a768-48f458c91212,77095c39-5f1d-404e-8afb-8ecef51a0c4c,a3c9e23c-a5e4-4bf1-aec3-ccb263865117,12ff35b7-9ecd-41ff-9a14-498425800206,188.1,1.08,Credit Card,957.16,19.79,Completed,17-06-2022
79ddef78-22d9-4e1d-b056-a2e2f8c69af3,910991bc-f933-42fc-9955-9aa965102ef7,73b1a70f-5c0d-46af-9d2b-a2f33455417a,55967df6-4e5f-4217-a60c-0a3358eeb647,184.43,2.44,Credit Card,387.75,45.06,Failed,23-07-2024
586c248b-6de9-4a8c-9b06-3de64b4eb32e,cc486989-2087-43fa-bd43-9e495c8ad3d9,3b2646c3-f1c6-46ec-a2a4-222c50c84b91,99fe64ae-bf30-4dee-8590-300271385018,192.93,2.99,PayPal,396.06,2.48,Completed,29-04-2024
a9603ef1-3abf-4348-a1bd-39050a699b6e,28054f62-a8ce-47e5-afff-54b6fe5acd75,f98b43fe-9c06-43e2-8ce1-c5a7a0f8735a,693561f8-65c4-4bf0-bc16-c3573ff94d4f,22.86,2.06,Credit Card,905.18,28.25,Pending,09-09-2020
7c43f210-2987-4efc-8f25-748b0a688b73,5efceeb6-36d0-4468-a3c4-1ec586cc5f08,0d677a2c-1f1f-46a3-800c-e776e0db4a8e,21b2d422-4659-403e-b9b2-b896f6a023a6,110.27,2.97,PayPal,926.34,8.3,Completed,20-06-2024
a0bc8bc6-f727-49b6-bb7e-5b1cd3923020,1e213302-e436-47a8-9f36-c70bfce7b9d8,bb3b9807-2ad5-4d5b-a725-56a50b6edd4f,a0f045a1-79fe-4b06-92a6-b646b7f5ca3f,199.74,1.83,Cash,306.65,33.61,Pending,12-02-2020
6fa45a7f-8385-4df9-af7b-0ef75ee677e3,4a88a627-de33-4547-94c1-14f9737a34ba,c9b8ead2-a928-4697-835a-b2d60c9a98b9,61373568-bc66-415e-b655-9b6ff7ee50b3,199.8,1.21,Cash,435.24,2.92,Completed,06-10-2022
a8cab920-d5d9-4656-acfe-dfb9d1e42ecb,5f9a7cc6-e47e-46ee-ab48-6825a6b38cd2,c62ee5d4-1b5e-4541-ac11-878980b0174c,bb934784-b9a2-4fdd-ae7a-c7f8cb91c79f,59.39,1.03,PayPal,353.03,19.95,Pending,07-05-2022
2df59cfc-01c0-4569-b7bc-5f19ddb2e37b,d5f3571a-2fc2-4e5a-aad2-b1f74ba79e48,a91341b6-258e-423e-874d-0b91258e8d8c,26234d00-95fe-431a-a1c4-2972621adb1e,83.3,2.71,Cash,645.43,35.14,Pending,26-09-2023
7d533e93-b40a-4e74-83e9-3a4a5c7ae097,d3937e1a-28ac-4e2d-87cc-ed13326dba2f,daf0ff2a-dcfe-4d94-93c5-a8da5c4d6805,b4edcc7d-0048-43dd-b53f-296c81ac7204,25.49,2.71,PayPal,726.47,3.62,Failed,19-08-2021
36ba7d1f-fc17-4bf8-8e31-2c6a7ab5bb68,0963a118-0003-4b40-9ec5-efeb0db16291,114310cf-3c6d-4f57-98ce-28393898a7f6,8dcd12ba-e3ab-47b8-bd0c-758c410747ef,35.02,2.7,Credit Card,497.84,42.87,Completed,18-12-2022
fee0885d-f6db-4b3c-ba0a-0a3b7174ee12,5942f30c-653c-4a92-9169-6923908819ef,8d4b5d9e-8909-4d11-800d-2c7d951fab1e,b347319d-9840-44c9-95ff-61867a3cc80c,191.47,1.68,PayPal,896.63,18.2,Failed,21-01-2021
d0098a4a-ff99-4c57-8d37-f0c995789815,dea87109-fb4d-414e-b5db-ad9ff335e3a0,fbc1dcec-de51-4a37-8980-811379b08367,eba164e4-1c51-4954-bfb8-a5371cbe77c6,95.03,2.75,Credit Card,45.08,38.41,Failed,02-06-2020
6b04d90b-def7-4b66-85e1-d5248bd01449,0832f507-d65d-4044-b176-9c5de672fe13,f7260cee-cb59-4ff7-8661-c9b831c33de8,548b7d8a-bb90-4c4a-931d-d1d6655f02bb,124.34,2.75,Cash,541.99,13.02,Failed,07-08-2022
d56db02a-0766-4d27-92e3-a05469d328a7,00b35d9e-2de0-416a-9693-346671172a0f,5ed577a4-dceb-4f86-8fac-5c4516b7e279,39946509-6db9-4ee3-8d58-e8a57b8c7b4b,90.11,1.78,Credit Card,840.8,49.71,Completed,04-04-2023
3949fb8c-504f-49a1-801a-7fbe080f01f6,53721f7d-bf9c-43b5-9b3d-11a63b35f094,b72aac6a-ecf6-4f00-8d51-fc6a68ea7b89,2d17869f-a0c0-4933-aaf2-b7ab09d0ffc3,18.39,2.06,PayPal,689.67,12.36,Failed,17-04-2022
d0ccf7a8-25fc-40cf-8817-465a0d9c163c,c82b7e41-cb89-4ddb-83a4-15816ef1dee1,f5535f99-90a3-4394-9437-fe5c16418dff,6ccf3f57-21ee-4878-abab-a9ee1e25d37c,168.86,2.71,PayPal,593.47,27.91,Failed,24-03-2022
3b4ff3d4-5ae0-44b4-81e2-b9908dd10cfd,86125f88-b7ec-46cf-85ea-66d160521733,1efde111-081a-4a83-b95b-c11745659991,d86b5b7a-26c5-4355-835d-e546a6ed3fa5,189.88,2.09,PayPal,719.7,29.67,Failed,20-04-2021
98fcd5e6-9349-419f-9e31-36fdbda24767,23ca9237-93e7-442b-923e-fd14954326dc,e52964f8-3594-4a4d-a85b-c7451d365bb7,194fec41-056f-4a17-9558-de795d510afb,124.49,1.63,PayPal,487.44,16.05,Failed,24-01-2024
293191cd-2fa4-4047-955c-a76900bb6b88,c30fd412-fece-4d23-baef-c44ec1276d52,757c4320-338c-43fa-910d-07cb8565955f,5ce4952f-72b4-442a-8f78-ad97249d5f7e,76.75,2.15,Credit Card,937.31,13.71,Failed,25-08-2021
1ec9d650-054e-43ca-b4a8-94b82d4416eb,07458cf9-c3f5-4a79-912c-0bf97dee1227,9f190aed-5359-4c69-8ff3-3fe8f78b3c28,d22c311c-d0c0-4d84-9e28-20ab2affcc22,163.48,2.29,Cash,549.28,37.07,Pending,26-04-2020
aa88c977-2970-48cc-b91c-94853a499498,05d105e8-7047-4a75-8b8e-e997286181b5,d573a3e9-f2c6-4778-b838-7372430c8a00,54eaf8a3-389d-4e31-b7d9-a1f92f0bff4f,197.83,2.43,Cash,799.49,22.44,Completed,16-04-2021
cc9504ea-2b39-46fa-b552-e4de0e13a90b,f0994868-0d5f-4ca5-b060-0d5f62490f2e,dea68220-baa8-4102-9486-bfe03778b5ca,a86b1149-e153-4fe8-8f61-983ef1e2c254,124.9,1.98,Cash,663.76,28.96,Pending,13-03-2021
a2f25f61-9ccf-4b3e-9e48-058377e62c7d,336cdabc-5e81-45e9-b857-ce4d7521f7f4,80af8a96-fd41-45de-bade-aa1a5490510e,3a2823e4-8e41-461f-a472-ab1be251a120,98.06,1.66,Cash,861.5,36.55,Completed,14-07-2020
8a4467fd-2be4-49ac-a5fd-b147168f5a7e,d18efe51-37b5-4def-b663-c2d334639314,9459395d-2de7-4781-8e1f-c9a23bbdf8c4,112cb354-59cd-4ac0-aadb-4d3f41b46968,145.72,2.86,Credit Card,886.96,26.82,Completed,29-11-2022
685c7e53-6415-4a9e-9cd8-ff1d57fd1da2,fcf6e2d5-f000-4e59-a175-0607f59bd79d,d6eed17b-4dae-4159-9eeb-7079c599740c,e472f675-ecc5-499e-86b4-1bd86e18f39d,192.39,2.58,Cash,947.3,7.11,Pending,18-04-2021
f765ed3d-a22a-4151-9b7b-03a18e756285,0b77e245-97a5-486e-9a2f-40c91ea57fb2,854d1bd0-ef71-4bc4-83ae-fe68958ed44e,f38e81fa-1ee3-4a10-b5ef-01791c96027a,45.06,1.16,PayPal,628.04,33.65,Failed,12-12-2021
80e27813-de0d-477b-aa98-44dc18f21d82,a09e86f5-5893-4ec0-91d0-1042299705ac,4e990389-4aba-448e-b9f6-571e51f80acb,1f3f64ff-a3aa-46d3-9a3f-51da88520ef9,62.28,2.04,Cash,359.44,8.27,Failed,11-06-2022
6fd9711b-23e2-4ce6-bd34-6029e7e1d1d1,ceeb946e-43c2-4e19-8f5c-f771bdbc6e29,57ed3153-9c69-429a-a448-805884fd09b6,4e9c35d6-ee3a-441b-bdf7-31cea0f0c07e,91.03,1.96,Cash,18.6,46.39,Completed,12-02-2023
4cb97a51-17d3-487d-be4e-11ae8dc39fd6,eb20f4e5-b00d-42aa-bd51-5db21e295287,cc04e0ed-20b7-4b99-893e-0a2cc7fdf10e,958a5c3a-ce3f-4aa1-b102-a9bbb062fc40,136.72,2.67,PayPal,377.09,35.88,Pending,09-02-2023
68161eb0-c755-4cb5-aa53-8a4a0d82ceee,bcba3295-b518-4497-89cd-e3b19f743af5,5fdae70d-ca6d-469f-b74a-957e10345494,fc201087-6e2e-49af-b903-0a9fcfa06ce8,171.3,1.86,Credit Card,865.88,25.65,Failed,28-01-2020
354d0f28-4491-44bb-98f1-9259fc573407,c3c2a805-aa6f-4181-aa4d-9b2c4d62adfa,59a101f7-6239-45e2-8566-1f048da08a3e,a00b43a8-e290-4a34-84e8-1e1d4df43830,54.51,1.72,Credit Card,684.04,3.28,Failed,07-11-2020
a3cf4d01-e677-4da9-8e29-0e057b3a3f78,9fc89b91-330a-478f-9517-924bf0aea654,b74062e7-7182-47e9-af84-2b18c3883f4e,fb39130c-35b0-406d-b8a4-a2cc1e72415a,122.2,1.17,Credit Card,745.77,15.22,Completed,30-08-2023
29526307-3191-4a5a-a82c-171abff9949c,fef1003b-43f7-4cbc-b7c2-8bf20761c0df,815b3c84-7701-4929-bbcb-fa73b7095f2e,701da65f-bd7c-4bd6-808e-a815b3a9a593,193.59,1.58,PayPal,54.29,31.96,Failed,13-10-2020
08978da6-4e2e-4b3c-b0f6-4a4b9fefe3d7,f18febb4-2fe8-47b6-a686-31aa2513fb6d,6eea5c9c-fa77-4836-b8bb-2bca6551777d,9631c2f9-308d-4cc3-8df6-37e8bcf95faf,40.43,2.6,PayPal,949.68,7.1,Completed,08-10-2021
c5eb45a5-681c-4c39-8e35-0dd4994f0961,254fba84-e34d-41d0-b4a5-049a8a6bd10b,5e207723-a831-4ab5-847e-220b22a2d582,353a1df3-19ba-42f3-9bea-b2a3bcfd348a,142.5,2.09,Cash,960.19,40.53,Completed,30-08-2024
4393d18b-ee41-4c7a-9856-b63f63f57530,54f79d1a-1654-4de3-b91f-a78156092d90,a4e6e304-3e0b-4a1d-80a6-8a091c1a8604,5faff381-5406-4752-87f0-ae48e0de51e0,66.58,1.02,Credit Card,959.19,49.0,Completed,28-06-2021
433833db-49c0-42a1-9f22-8f54115ab59e,da560270-2e73-4eb3-bfb2-10483348ed09,f7f1b916-6470-409a-bc5a-0be122991588,4ccdfbe0-cfc0-47e6-b67f-5dbeca7e8fda,89.9,1.28,Credit Card,690.95,20.06,Pending,24-07-2020
15aad7a3-5f04-4486-86ca-5028d3d29b6a,be56fc39-6b5b-4f9b-aa7d-8ffa7d876189,2f7897df-b911-45bf-87c9-0db969af7370,076b1859-2d84-4236-aa89-43d0e8c49bda,190.74,1.82,Cash,365.44,23.14,Failed,28-12-2023
2a43ad05-fad2-4c01-8039-6a88a818dbb2,75ae2537-de0d-439c-b1ec-8a6d0b5cdb92,cabe2867-c3f8-4523-8669-d4618401c3f7,c569a045-d139-4824-a0f8-f417110a7bc5,125.82,2.21,PayPal,435.92,27.57,Completed,17-07-2023
1b94de7f-174b-432e-816c-4d804a62fe2f,5c7d7cc9-bcdd-46ab-8041-8a66e9eb36c4,5abc25ed-97c6-4bb9-a34d-f63c107a10a5,10ecbf01-67ed-4e45-adea-9501b920222f,55.37,2.77,Credit Card,509.85,47.76,Completed,02-03-2024
6f180ea2-81ce-4430-8039-61a304654196,b0dc65bb-c981-4fdc-ad17-79fcedafb633,e1c9afcd-3c11-44af-a705-875cb1759cf7,ecdb3375-9fb7-4c86-a774-94704a58c57f,77.31,1.16,Credit Card,603.57,33.37,Pending,24-05-2021
0496c3c2-8970-485d-9310-90a89e373b13,c13a189e-3724-4a1b-bfe2-0c0e12077393,91580088-4acc-4e85-a150-0dd869a43009,bb274737-7be0-4da4-ad89-a8f305c41e1b,130.64,2.26,Credit Card,540.3,26.61,Pending,23-06-2024
954bd218-bc6e-451f-9b02-4d3e6b733e4b,a59a58df-415c-459a-ac3b-df6c89854922,e668675c-39ab-4639-a32b-d19ccb60f1a4,4b292fd3-800d-4483-9d40-090fe026f18e,148.6,1.51,PayPal,349.19,8.04,Failed,04-05-2023
5236c077-3dd0-4b43-bfe4-1451c02e9102,03710cb1-771f-4d1a-bf50-8f95aa46d86d,4f743866-7cfd-4e14-b35b-ccee58b061e5,3714a403-5f57-4d39-b7a4-1b6e8b179127,159.75,1.06,Cash,973.29,8.82,Pending,09-03-2020
d3fd5be3-2697-449a-a900-a0868080fe34,248ee78b-f5a9-4b6a-b847-a714d8e2ee8a,e330d151-57f2-42ec-b407-f4b8a55e6fe3,f7b4bc1e-a641-46ef-a1ce-1a7861f6cb63,158.7,1.1,PayPal,787.29,45.0,Failed,23-05-2023
f6faeab9-eddd-482f-b18e-8a9426e2e1e3,1fb55e1d-7db8-497c-a431-5e9887a2ff18,dde7c501-312e-4401-af16-41fe9b598356,bc84be0e-d135-4add-9ec9-e7fa6f203c9e,26.3,2.83,Credit Card,991.38,49.18,Failed,02-11-2023
0a23e298-5ee2-4024-a1f3-d2c8b244b3a9,5dd16d4f-8e4f-44a2-840c-70cf49d7ecd1,466a53b7-fb24-4884-a06d-52ddccffe1ae,8b69e485-0e0d-4c9e-9785-9815725f32d9,81.77,1.83,PayPal,801.32,25.05,Pending,14-11-2021
4cd4c0cf-4dac-477b-b2de-1e258ebf14a1,92a64e7d-b944-49c3-96db-c3ffc9a38a42,04cddad6-dc53-404c-985f-48c411b9a56c,a59ed557-d0b9-4cfc-9a12-9668ba1516c8,178.6,1.71,Cash,746.79,30.43,Pending,19-02-2020
89c2747a-a968-4ae9-9476-a7dd68481ef3,b67496b0-0312-4d46-be12-fd3cdd7e25fb,f027ac56-93a8-48bb-b47e-0f8a634643b0,5cefcc2d-ae4e-4d0d-b5fc-7e9f5eaca835,83.04,1.07,PayPal,984.06,35.63,Failed,25-04-2021
0febb10b-def7-491b-bbfc-e5cd197a57b4,8e56d06b-da30-4543-b7fe-6e2fa2b6f232,e7826e00-01e8-4ed5-82c2-13a80587c1e6,bd57fc3a-47a9-474a-ad9b-a4dfebaf115e,113.03,1.67,PayPal,619.13,39.84,Pending,24-07-2023
dcc1815d-3971-43e1-ab43-07806443285b,61958b48-03b3-4e8c-8e84-4d1ac92da4c6,1977b639-d6b3-45ef-bbad-8dcefca203c3,900971ca-924a-40b0-a306-e7bf83c71ae4,56.93,1.93,Credit Card,719.99,37.82,Pending,28-01-2024
5f634fdc-7624-4f8b-8126-b8a30f534b11,e948e8a8-efcc-47e5-90a2-a8a5a7e4b264,e8631a29-2547-4dd1-8608-f6c5bd0bc232,b9e89f29-b46c-4b3b-971f-42448d04f9bf,118.72,1.09,Credit Card,710.97,31.61,Failed,16-12-2020
27e1d4fe-3785-4c61-89c2-ec916e00ad8f,80d16ded-32e0-4c31-ba28-236f2aa40e53,ab7fd533-38c7-4eee-b59c-2e0f5dca91cb,bfc3d883-586c-475d-83a2-2ece4345631c,114.14,2.31,Credit Card,871.63,17.97,Completed,04-10-2021
e3ff9988-5ea8-4e8e-98a3-3ecd3e582d1d,745583b4-bd42-410d-8524-a669a8e1838e,83989b65-0668-4d88-be98-f5838fb27d5e,32e8cfe1-0ee7-4d6f-aef7-18dece7caae5,183.54,1.45,Credit Card,72.3,36.77,Pending,02-06-2021
cfbb7fd8-d08c-4e42-b226-17016fef84fe,6147b73e-27f6-4013-8d9d-1028b1898720,f6b5eaab-2fab-4ead-8881-db6ea60b92f7,30760aff-5e49-4639-98c9-46a7e55ae058,164.55,1.74,Cash,332.89,30.01,Completed,29-01-2023
b643b73e-a44c-46f8-89a0-835b0177fc10,afbb0aa7-4e09-4586-808c-f72f1c97d41c,9d6b57be-f3b9-46f5-b9a0-aeae40df82f6,49084dd0-cd1c-4a2f-b923-12a18cb195e5,99.51,2.44,Cash,14.44,16.85,Failed,24-09-2024
62585af3-9e19-4f1e-819f-e7e5a67bc65c,b59afbfe-000d-4e3f-a5d7-afe13f70e558,3e89e688-9f12-44d2-91e4-06e47b6b5569,8cfc470d-7443-4e86-a1f4-7326bd3d3ac7,190.71,1.28,PayPal,829.37,23.36,Pending,11-05-2022
49f8903b-7956-4751-87b2-613d8cdb61f9,18c7a6b8-fee2-4b50-a012-a1c7562db8eb,45e05fac-4de9-41db-af49-4d28353e2cdf,4ff8c6e2-0cc2-4bbf-bf5b-c427b6ee5f52,108.5,1.75,PayPal,751.91,24.41,Completed,12-07-2022
2ab03e2a-54a3-4706-ba84-098228d997e4,fc1b90ab-8307-45dd-9016-0923ebc90f66,35f69b71-b408-4529-bb29-310a2c7486b8,d50b2a5d-f296-4286-a11e-8231fa238627,68.85,2.61,PayPal,705.85,26.28,Pending,19-03-2021
a699c49e-db30-49ca-be9f-44ae62c19de6,dd97f882-3721-44bf-af19-e7b05d7bec3f,83f539ab-ca4b-4b3d-b1cb-2293269f1316,966a15ec-c337-4d35-b762-5ef2ac1c2e31,132.03,2.61,PayPal,362.06,3.57,Pending,26-04-2023
b9b393be-1b2e-441e-a7e3-d4c589a75ade,c98ef930-581c-4558-9790-e6f45d651202,bda48f21-e319-4f5f-a213-37c9a7377292,6fbda6f0-3d23-435b-a0bc-a0bef0fa8d14,73.28,2.66,Credit Card,662.93,2.17,Completed,21-08-2023
1649bad8-4840-4abe-8a36-e9a8e0ea7e9e,863315d0-af5e-4234-85f4-e79563ef239e,f30f5734-c1cd-452c-a58a-0b28b062cfb7,3bd9b0cc-b11b-4e30-b119-e1ec0b1c592f,106.55,1.65,PayPal,956.82,44.54,Pending,18-04-2022
3e77b66e-9cb4-4311-a30d-780f9c11a67f,35b084cf-7764-4b53-a9ec-17101c972411,c09e2cbb-fd77-4d2d-b8e3-76bbe9a339f5,95921c17-e0c1-4fd7-a430-e08f0862fd41,90.29,1.5,Credit Card,117.99,24.65,Completed,03-08-2021
bfb41731-722f-4272-a113-140bcfe29be3,78b88b78-69d6-4ce5-9584-0eb61c07a65b,3b752c4d-9bc9-49e9-9b4e-ba92b1bc5209,c89bc1cd-d18c-4823-a517-b0ac3eaa76b6,116.36,1.5,Cash,896.23,33.67,Pending,15-06-2020
bf328450-5f52-4118-8991-b83070ea79b1,6ea693fd-abd8-49f9-ba18-15b9ce84e870,38751730-0243-4216-8fe7-00c764d53a07,888c466d-3d91-44fb-a8de-c211d31dc97f,44.13,2.58,Credit Card,637.99,26.99,Pending,04-07-2020
b1d486e4-9580-46ca-9b4f-f427bce3c504,b7fbcefb-bb3c-4d68-bee6-df14c1eb216a,cd0ed851-9a90-4308-9226-af1c30b75ca8,a1068937-bfe6-4c65-9cc7-df7a6c9d5e05,186.68,1.18,Cash,491.03,23.88,Completed,13-01-2020
e0cfc097-ef56-4a30-a731-c9c98b195a11,9f161e2a-5a74-4800-a95a-25c438aad9ec,b2fbe880-929d-4ce9-81a4-12e647eb95a8,f017a6e7-aa4c-4201-aadc-832439ba43cc,85.81,2.82,PayPal,542.66,12.65,Pending,26-05-2024
e06c5e09-3177-4500-ba54-95cd71444c10,df6bdfc6-754e-42a3-afee-1bb77175e90d,d27c50a3-1558-4f15-8c63-76f477aeb7e9,af26ee26-dd88-4b04-ba4f-bac4a8a07600,186.41,1.12,Cash,999.83,49.5,Completed,05-05-2020
398c3ed6-344a-481d-b688-277c2246d9a6,7be8117a-9d4d-4122-a030-18126dd3b3e8,e1aa8b15-fc18-48c0-8af0-ed6a614f4dee,56e6987a-2c91-4859-9c07-6f95420197b6,188.5,2.22,PayPal,848.82,26.72,Completed,25-09-2024
64461444-e9b0-444d-b39c-7f864532c0f8,31fae3a4-a9bd-44b5-aa94-94cc7b568476,fdc2fcd7-5077-4be2-b29e-375593c0da72,b8ff6c32-c75b-4db8-8662-d2739cc26a6a,23.42,1.4,Cash,427.35,42.63,Pending,15-02-2023
9f3795ca-9e78-4440-b415-6fab377d1d47,44c35d92-d3a2-4b31-9898-6971100f5e13,8e2ee9d9-4843-4358-bb18-b243151424de,6fe2706e-6877-4836-acca-d24223b77e2a,197.45,1.75,Cash,663.6,34.38,Failed,13-02-2020
4ab11a9f-634d-4215-8a1d-5ebb795b5b91,95663d42-51b2-4dda-bfe2-30852bbe0810,a5e6dcf7-7aec-4e74-b8f2-5499c5927d22,821734b5-914c-4506-a899-31e7011efdf6,34.72,1.04,Credit Card,580.87,33.87,Pending,23-08-2021
f52cfa42-4ff3-4257-9553-e81f8b17a0fe,5f7aa155-12b5-4766-8b3c-b03c082b3e11,446e6daa-7681-4d44-8bd0-072f1b7ae8b3,6d94c8b4-7c81-4323-9dd5-94cae0f4f403,77.03,2.87,Cash,549.85,8.88,Completed,20-03-2020
148c23bb-42fb-4175-bdae-21597af8f05b,69147407-290d-4389-a93d-5c8e983e2bfc,4fc529ff-ac32-43bb-bad7-b98c641e3946,59c0bfeb-864f-4977-8744-8356b850df77,55.74,2.17,Credit Card,953.26,23.6,Completed,16-05-2020
b4288ded-29a2-464d-9844-840f598b0f29,0a721e3d-6366-4582-88d0-f4675ecca1c2,ef5d3f66-a198-4c37-8fc9-8b99701b92e7,f79e3af9-bd64-4aa6-b83b-6b2a52152074,55.92,1.65,Cash,42.16,18.7,Completed,23-08-2024
ce0e8b6c-34d8-440e-af3c-c08e8ca48577,9efe8783-6ddb-45f7-b1a8-2d3d80aed3a1,db771f7a-82ff-42bd-aeff-b696a68ecc19,15b33b6c-3d53-43fb-9945-249ab0f954ee,131.38,1.68,Cash,626.9,17.45,Pending,01-10-2020
e84abfd8-ac79-497c-8da0-ec56fb98ee95,598a3b4c-40cc-433c-816a-69806938a6ee,eb1e54f1-7438-4eaf-8db7-5bd0f014b415,e27c464a-08e8-47ca-9302-113fa2214cfe,80.32,2.77,Credit Card,757.79,29.46,Failed,06-03-2021
d20fd33d-dd35-49b3-9363-ff7c1d3a4499,bfca5479-f57a-4537-a700-6d594a5d3f7e,3fa6499b-0544-45ab-a06a-ee2fd3b32f64,0d306ab2-bc3f-4766-ace8-dcb682dc330b,70.9,1.2,Cash,568.67,3.42,Pending,12-11-2023
8c9ee69c-a06b-4611-92c7-ea428cc073a1,4105d461-80a4-498d-b251-6876aa71936a,79cac1e7-7d76-4d11-9d06-b013f839a4d2,600dec62-5713-419f-bbe2-8c89037fe921,43.33,1.98,Cash,862.59,16.35,Failed,25-10-2021
f1062fb9-c9de-4fbc-95ed-0d796cde56e1,845fce28-d010-4429-bf2e-f7184fa0e27a,74ebdd24-8e80-4fdf-83ca-4772883b79b3,4cc2bbb2-1cc3-49fd-87b0-649a3c645dd8,54.82,1.74,Credit Card,512.41,2.94,Completed,26-02-2023
e031a0ee-acdd-46d8-bda7-cf990de2d73f,1d406eba-f99d-4a3c-881f-d37cd137257a,0d1eba9a-f5b9-4a46-959d-192926123ab3,ca7ae7f0-b503-4ec1-b217-8358d03f119a,141.3,2.1,PayPal,344.97,14.81,Failed,19-03-2024
027b7e7b-037a-485f-a464-d9cc702df8a3,f4a38f49-ce7e-4f1d-9e01-04561eb662f3,85048b38-9a7a-4fe1-8bef-7ed5fb01910c,ffcd63ba-d734-4d77-a162-64d1c5e6f04c,175.39,1.13,Cash,522.75,23.5,Failed,15-01-2024
c5d0af48-4fc5-4df5-90f4-0dd38d67c4f7,f8c8d4e3-ec5d-4e0a-92c1-3f864075eff7,cdd27f97-a174-4cf2-8a43-39304a087ace,6841f967-d393-4c40-a330-4ab7b9ce1e14,92.33,2.53,Cash,884.71,31.98,Completed,14-09-2021
bbef2c7f-42ca-4e63-8f55-8d42ddab0e48,5f35db47-30d5-434e-a018-b7dcf2f475ef,6c602c8a-2057-4635-acff-15d9cab119ae,b61bb06c-e83a-40fd-89b0-441433269b3a,55.04,2.66,Credit Card,788.42,47.3,Pending,11-03-2020
d8b0ac72-6df2-401e-9889-e108c6612013,aaff1260-719d-4d28-8c87-dc3c785e5059,653794eb-c3be-4ffa-a802-f3900b3e35ac,14e06201-34d6-405e-8cc4-22f8d77f2fd0,159.22,2.66,Credit Card,619.25,5.49,Pending,13-09-2021
ee2da50f-1294-4570-8738-45958553585f,899b063d-746b-4cf9-9fd2-0324b20ac348,a6e6c9e7-f181-4ae6-8c70-84719232ae4d,3da13b09-3004-4571-9b4f-be04520acdda,186.7,2.71,Cash,608.47,7.66,Failed,31-10-2022
4196b733-6213-46bb-93c7-0d5747a2c545,d319d035-175d-4302-99ee-07f7b3bc45a0,22e19289-061b-4989-b7b7-9b609ec777b6,13b449d2-a350-41e7-bcc5-b319868ced1e,146.02,1.95,PayPal,968.25,29.21,Failed,02-05-2023
07e74b33-b2cf-4364-a2c0-b3b09aa87982,7e961922-f1da-4d8a-8f21-9d94d37d8673,f1cd35be-4b17-43a5-bbef-f1807f3073b2,b2f31ecb-9dc7-4285-b127-e331fc89f2fc,94.86,1.06,PayPal,328.24,20.72,Failed,10-08-2021
aca337a4-e9c2-46f2-a0eb-e361a23c3e85,4b05b357-931e-4752-83d8-46510be39a43,dcdd491a-0754-499f-86a6-35774c332bda,7433cb0b-5dd1-485a-a0af-4e7abcd9b18d,55.12,1.7,PayPal,761.81,49.38,Pending,17-02-2022
e789bf86-43c8-4e16-887c-b54407abf632,35f53b6c-b6ea-40f8-9095-6076b526ec13,3faf10dd-07d2-4604-afd1-7533508f12e6,f347a9fb-018f-4d18-a1ae-c46c95ca9c51,115.6,2.55,Cash,838.07,43.25,Completed,14-07-2021
e3443a5e-fc11-4c2d-ac36-5c6f1a1d75dd,091c5569-78f2-4a27-84f5-284bdff4762a,74c0dd16-d853-4360-9da7-34aef5580ac0,bb648d0a-051c-4f90-8318-4b6f9e184f21,163.6,2.19,PayPal,712.7,9.53,Failed,14-03-2024
1da7f1b5-f294-481e-8321-e5f8447771fa,8eac481c-ed1f-45ff-a327-0c70010f4729,1a67b29a-3327-47dc-a9fb-d8c40750a878,9bb422df-8c07-4483-8551-edc09aeefc20,189.83,2.61,Credit Card,476.06,3.17,Completed,12-08-2020
7c484713-1467-4330-b468-f4df208f18fe,07609226-7c6b-4eee-8653-9876a04f0440,123c8441-b964-4814-8c68-dc76b3f8d254,b886dd57-4d6e-442b-9248-a7a38a103d43,132.81,1.39,Credit Card,767.95,16.47,Completed,13-11-2022
c1a0f4ca-8bf0-4aa7-9e7b-fba5aa699ac8,1612db69-3d1d-47b7-b39a-e5eb650c8a72,f856eef3-ef2a-4514-a4a1-bfa4b9270f4a,af9cb4a7-7105-4e2a-aac2-7dc47fd5bd91,173.92,1.78,Cash,375.96,45.15,Completed,16-02-2021
42a82978-4daf-4568-a9f4-3e671d3f561f,41c6f002-e98b-42f6-b2f6-e60c7b6210a5,01af7092-f19c-4c9d-8fff-3073e53e76b1,e2a15a5d-438a-4bc6-97a2-802ea74fdbdd,177.28,2.65,PayPal,670.74,17.55,Failed,09-03-2022
d67d0b05-2631-42a6-bef8-880590361ccf,477e7d00-1493-4d7c-8acd-16957914860b,edc3f682-d177-462d-81de-9247d3856f69,67874bcc-b174-40f9-8335-8728692a0222,77.33,1.35,PayPal,790.39,34.54,Completed,01-12-2021
804d5aae-7701-40c0-852b-7466665f1906,7c0c3cf4-862a-4e03-90ab-e29e26e799dc,9056d139-e7da-49c8-89e4-6b7e02c5fd3c,07057c5d-86e5-4ad5-926f-61bbc48d1e52,73.87,1.33,PayPal,907.41,2.56,Pending,30-09-2024
ac8a04f3-4f5a-43dc-bc8c-b7ec2c382652,5918a792-d2bf-430b-8b63-fff3f7511a74,c05c64c8-0ed0-446f-b08a-c3bf2419e2b2,935b9115-6339-42a2-8786-420f0de2c0fb,193.39,2.92,Cash,858.42,30.22,Completed,26-03-2020
bc605050-2183-4728-8509-f4b244af12fb,f97493f1-ed0c-40dc-b26b-7ad22db75f96,57b9709d-8eac-4f5d-b3ff-026297466315,ee26d1ff-112e-4362-b8e2-1c169e24a45f,107.29,2.41,PayPal,721.08,49.54,Failed,28-06-2022
fb60f5df-83db-455e-8043-f870cdc9d39d,535e023b-36c2-417e-88d5-7c22b2e1d63d,1bbeb30c-dd07-41c9-94a2-a3643df9ad72,d9c570e6-9fa9-4f33-a6f9-38288178a788,154.65,2.95,Cash,694.97,6.24,Pending,13-12-2022
b0dc1140-795b-4dca-b1da-16c1994841cf,c42ae63e-6d91-4bef-9c72-a1647572c905,b1909bbb-f9fb-4979-a843-6196b2042da4,f2949f2b-15d6-4917-8c28-677f3001cf36,179.86,2.17,Cash,951.93,20.96,Failed,24-12-2021
a3963da7-97ab-49d1-a649-def6a593823f,a26f3dbb-6fbd-44ef-9c2b-7f6b7dc7dba7,db1bbb4c-dd0e-43d1-baad-f760220846e5,da1edf8d-4181-48ae-96a4-99c1311d5eb5,68.45,1.53,PayPal,964.48,41.19,Completed,19-04-2022
7d2ebc11-15c7-43d9-9c09-7a82d5a26d7a,e882b767-2f97-4fd3-ad1f-cc69df754886,9f725261-91c3-4d22-87b8-a1e22841d4fd,82be8d3d-88d5-458c-a64f-0870ef6c9258,87.69,2.9,Credit Card,462.34,21.77,Pending,21-01-2022
6536cc84-a49c-4c02-adee-8f706ef03f56,e710daba-e52c-4c1a-9e7a-e3e7b34edf73,0a2c10c2-5a98-46d2-a1dc-c6ce4791dfca,95805fa6-181c-41e0-9fcf-14a2fcc993f7,138.95,2.24,PayPal,651.73,31.31,Pending,04-06-2020
6f95e12c-d978-40d3-a0d0-dcd2627ef0a8,88201537-0a6f-4637-84cd-26085999a83e,fecafee3-1176-426c-a4ef-49dcb4fc4975,a19081ee-8d5f-401b-aa19-ddac90ea9e16,185.06,1.56,PayPal,502.36,2.81,Completed,09-12-2023
ea713326-18a5-4471-88be-15e979c34a6f,aadc59e7-800e-4c09-8cbb-edd2d75369d5,fce6798c-a1cf-43d8-acad-eacf0a7bd162,4e05a906-27b0-411a-8c0d-14721ea50306,162.33,1.62,Cash,546.25,40.74,Completed,09-08-2020
e18efb74-5d71-419c-95be-0289c4f71f6e,2dae2bec-5342-4a4d-89e6-e25f04cf44fa,63c51fae-7659-4baa-a2f2-8fb475ed2d0b,cdb1c30a-86c4-46cb-9306-0fc754aa790e,173.38,1.23,PayPal,694.07,19.79,Completed,14-01-2022
d48f497a-cbc5-4088-96b6-970096e62752,d36c604b-66d8-44e2-bdad-91b42785518e,f7813dbe-c8a8-4d5f-a4cd-7d1cf6dffc35,ae7ffd90-e716-4cbb-9e52-7f91018d3fb3,101.42,2.07,Cash,566.8,28.01,Completed,25-12-2022
218b1f38-d7af-4960-be9a-ff06bf89de30,022b55fa-436c-4d93-a576-2612f9810963,f4cdecab-3290-430b-b96b-4e254c9f8752,42dffbb2-8d27-422c-b0ff-c80e000cf883,187.26,2.46,Cash,359.86,37.07,Pending,20-04-2020
caa97a88-50b4-4761-97f5-e72de6456a93,3ba1793a-2dbb-45ff-9d6b-1dcbfda53c58,7870db21-fba9-429a-9029-5289920c4f3d,d125edbf-0963-4732-bfbf-933b46709d84,145.26,2.58,PayPal,575.75,17.81,Pending,05-11-2020
18b7da9f-b61e-41f2-9bd6-f93864f020d3,bc49ab19-2fee-43ea-882a-c9b9082be44b,44968dcb-e59b-4ae4-bdf8-2f9e19a6a2f8,cca83f47-6c3d-47a3-bfa8-150305fa0e86,28.06,1.13,PayPal,884.25,44.02,Failed,13-05-2020
017f2c82-29c4-44fd-b34f-0cbeda5b0184,d2da0ecf-b7be-49c1-860c-8693e8b100a5,0c0e4938-88e0-4767-80b2-33d895f5062f,3dc3b2f2-9c7e-4078-8944-ed2ea9fab726,135.6,2.89,PayPal,928.92,7.67,Completed,19-05-2020
dcb0626b-c12f-4b5f-aa9d-e15681676711,021afa30-ab6d-4056-931c-462ab00b090d,01d7e942-d2ff-49c6-bb86-e5330d31b258,f93fe5c2-8e1b-461c-a459-164bc5f24b2c,44.53,1.02,Credit Card,736.87,25.19,Failed,18-05-2020
3c5b3e7a-e86d-48ed-bef1-38a23ed91e22,5f0b12b1-d244-4023-ac86-fa472e03e400,fe7ced4d-f290-4f29-907a-12ba74b8fb4a,c84f2bc9-2b6f-4365-876c-ea45c1196f57,80.85,2.66,Credit Card,92.33,6.14,Completed,29-12-2021
c408c835-e49c-496b-bb81-2c5f1c537dcf,71eaa810-2eb3-4443-9a1d-f6ee3b669a5e,7fefa41d-4f49-40f7-ab13-baea28320aef,5587ae36-4372-4ee6-b810-b7e622ec7f68,14.33,2.87,Credit Card,871.61,15.98,Pending,22-05-2020
b7c1bfd8-989b-4991-bbca-97b475a4322a,7eca942d-3362-4446-8896-3d468c186be3,106943b5-edd7-4064-8d36-2a0853b64251,c79a3ad8-bc10-4dff-8244-355b92fc7663,188.53,1.26,PayPal,873.13,3.53,Completed,01-04-2020
3696c74f-7127-4ded-92fc-106ea555e779,92a95e69-6493-44ca-9ab3-cdd793801cd1,692768a6-27a8-4565-852a-c1f21d0d75c5,73ba5fb9-d928-4d0a-afad-0a1489b809b4,149.32,1.09,Credit Card,995.86,11.08,Failed,01-12-2020
7e1bbfb5-7f34-4f49-a384-db1656305cb8,ebe9fcf9-cc26-448a-bd86-c93493c863f9,5ab12d35-f622-4c1b-945d-ea28f419fc44,eb585fc2-6cf6-4826-b0c3-ee3150c8586f,177.5,1.02,Cash,762.49,35.88,Failed,12-12-2021
4546b12f-686b-4be4-bb7b-227847776154,1341caf2-70c6-4ecf-b886-3a218fac6043,05854fa2-6c3d-447a-93b1-87890b92cae7,5f911a16-4a26-40f6-8f93-75bdc018c3f0,154.13,1.81,PayPal,586.84,49.55,Completed,12-01-2024
32123b87-afb7-4467-8879-1cd1909c8265,d1e915ba-e193-4fda-8436-34cea7cb4ae4,103acc04-7ed5-4385-9e53-b1d7075b00a7,6bfd705f-00ed-4062-ba8c-b0065401ae9b,5.89,2.22,PayPal,498.93,45.12,Completed,20-05-2020
f60e714f-c1c1-4abd-9a5a-2fc4a840b586,198e003a-b75c-47da-a901-84c4f4c11256,5603db18-ea6b-45f8-b5a9-1ee47dcb51bd,8ec6bf67-7a64-4c75-bd27-7dde58e4f9f5,160.51,2.73,Cash,300.58,16.51,Failed,25-07-2023
78b24ad6-e203-4e4f-8d6a-99474f5957b4,6e1563b0-d636-420c-803d-fcdaab8a8969,2477294f-dc26-4a74-8f29-c5b13a558206,2ff0957a-2076-4001-b14f-c929fceb7a99,149.25,2.72,Cash,440.43,21.21,Pending,17-05-2023
ba172bf6-f946-45ad-b4c4-6a53e2bd8d7c,45621d64-e3ac-4951-b96f-c8db0b1a5029,d74246fc-25ca-4c4e-b363-bb6aa487193c,1c113141-9193-4b96-936e-82f606a0130f,47.02,2.28,Cash,138.14,5.53,Failed,15-09-2022
fcd95cfe-1883-430a-a3a9-de8e9333c753,67466091-e914-4a4c-8c6e-2bdd32b9cb91,f6643e97-d6a3-40d9-8c47-bc49e8cd375f,2348a231-f87b-4750-a528-a49976afbf34,57.35,1.79,PayPal,350.82,23.61,Failed,24-07-2021
f8efeb69-127e-4006-8f7c-48cdfb636c59,4b9596a2-87ce-4107-9981-974b30fc31fa,428d2e26-c39a-43c5-a38a-04d66334b50b,d42430c3-7cdb-4cdd-b88d-b977a389ae81,45.52,1.86,Credit Card,894.1,38.24,Failed,20-11-2020
d42a7361-9dc9-44c8-b4a3-1ebebfd8d32e,99e35ff2-7210-49fe-9ad5-eeb512d79fae,63d4c1aa-78f5-4c04-83c1-57a9cf58c4f6,51f41f49-14c3-49e4-a6a4-f9e33c69c1a4,40.44,1.92,Credit Card,833.41,42.18,Failed,18-05-2023
15bbba16-3e85-4d8e-947f-e3fe85dd64bd,df94b8ae-4057-4bea-90cc-d6456456a332,83c68712-f99a-442a-8e7e-9d3de4cff99f,633c6937-181c-4553-a2e1-39bb5b371727,43.83,1.63,Cash,434.44,3.94,Pending,29-05-2022
b9421457-7993-47e6-8374-6d73fe44ebbb,d660765c-433d-4082-ade1-68a6ce7f382d,5fa705f3-e273-4f22-9868-4f6bb579248e,d8f45f7a-4275-4284-89bf-b7cb8f4bb2d9,117.49,2.5,Cash,61.22,35.47,Pending,08-11-2021
66f9ef67-3a1d-4970-8ac1-b64db17d5852,957cde5b-b2a8-4f8f-8bc7-4905cbf457b2,a08dc791-316a-4a3f-bc27-38cc474d2d54,d8e38140-bccb-4131-8c1c-83203036ed27,117.3,1.61,Cash,493.08,20.64,Pending,11-11-2023
22465882-0d92-48b7-bce9-77149f4845cc,9e527cab-0a11-4c8f-81ca-b458147361a5,d5da0559-4bc5-4a5f-9187-b372c153fa4f,5ca16635-f8fa-4c08-81bb-eba1187a5229,94.62,1.0,PayPal,460.58,26.76,Failed,21-11-2022
8e33b7f4-baf5-4dc8-90a8-c46155becd8a,ae30c708-eff2-4df1-b913-66e04eba750a,3c821bc6-2fc9-4300-a713-ffc2dbf2c883,a65ff66f-10d5-451e-83b1-8774c217b1c3,73.84,2.24,Cash,754.79,12.57,Pending,22-06-2024
f17f22d6-f095-4a91-8d37-2333ae13ba23,ecf4ce91-cb83-4aad-b3f7-55be3483865d,e2f8c24a-0b31-409d-9e40-1d1fb739a9cb,f43c7552-d70a-45d6-874b-f39a785b1d8f,74.44,1.95,Credit Card,643.67,41.97,Pending,29-09-2022
f2f94bc1-83f1-4ff6-8c81-7f6fed7181c2,7e5e0cf5-1a32-48ea-af84-041111b58e26,daa9dcac-83de-4d35-a5fb-74e779c0fb29,20ee5830-86d5-4ed5-b678-8c4c3c4a9f30,169.66,2.67,PayPal,979.43,6.52,Failed,25-10-2020
2229035e-4bd6-4be8-8f61-7550cccd8b62,142a7a98-4496-49cf-ac9b-75350a66dc8f,73480acf-7308-4453-bfea-f6b86d48384b,5f0ad48f-cf50-42d4-82e1-2503c56d2cde,148.76,2.29,Cash,938.98,5.73,Pending,22-10-2023
a4a38666-f8c8-40d2-960b-335c573af4fe,49e40bcf-04d6-4a33-9185-32e774bccc5f,8ff6078c-a537-409b-bf5c-bceea7104d63,ebd66a81-107a-4e7c-a050-486f5727e392,129.72,1.43,Credit Card,951.8,34.28,Completed,16-07-2022
72d6a744-e7c2-44a5-8b33-3a8dff15675f,89fb1f25-b765-43bf-8d71-c603a04152c4,622dee3c-c001-4c8c-ae8f-40e6b7f78082,c6f279f3-24fc-469c-b8a1-b09e05c71ac9,124.58,2.87,Credit Card,368.14,42.3,Completed,04-04-2021
67dedefd-4848-4770-a78a-7c2a461e550c,936f6bcb-645b-474a-9fd0-b8f2a2d2f95a,272c7ca5-7034-47da-86b8-7195cee909dc,db4de2c3-70ad-4daf-a6fc-fe6a726a2fd3,105.71,2.42,Credit Card,477.86,9.13,Pending,14-03-2021
e01063c7-9030-419a-9511-fe24a0ce4017,3a1810cd-606f-442b-9ce0-893ff1c1fac4,614f79ef-d7d5-4a1a-92a7-75ed60a9c498,f76b325e-6984-4913-8adf-a2d65a710227,51.88,1.91,Credit Card,756.07,28.86,Failed,06-03-2021
fbdcf78b-6b60-411b-b861-ae159bb9f2c2,5dc72782-dc7b-49a2-97fa-d8dd993abfa3,d4286578-5a6d-4171-9ecf-ad0cd5ee8501,0823fee5-e8b9-4204-aca5-f11adb1df82e,102.99,2.57,PayPal,656.61,5.62,Pending,29-04-2020
57ef0843-bfba-48f8-bf5b-61cf31d9bf0f,6160436a-daa5-47fb-b49f-180c23925b35,2955f426-d3e9-4890-b8da-f12d97e40d22,615db95e-3b34-4995-b916-dabf6a454a6b,17.65,1.2,Credit Card,879.08,13.73,Failed,14-12-2023
ee94f3bc-c522-4891-97a7-4646bdae8b05,e9ac60b9-dc4e-4c70-ac54-e4d4d7300bb1,370ec898-7484-46b1-ac62-d72f27c28d5b,c5002633-1993-47d6-a549-e46b0f2524fe,24.64,1.2,Credit Card,668.99,29.29,Failed,24-11-2022
5547ac52-160d-4455-ac7d-522eaf05e946,5c19abd3-efd2-468a-9c9d-75550b96d83a,b6979e58-bc4a-4190-bc0d-0ebedc0b723c,d2337a33-2709-4e13-ab4c-833445573fc9,120.84,2.55,Cash,345.6,29.48,Pending,27-08-2020
750cfaad-67b9-4a90-b116-91247418196e,e7d5ac7c-d061-4d13-bdcd-bdd491e4068f,c62ed41b-7dd8-4d9f-a834-211a05f9c5fa,20bcf030-98b4-47d4-87b4-fae5c6b59662,44.75,2.11,Credit Card,617.78,36.89,Completed,30-03-2023
443b766b-028b-4c2c-b1b9-67296cc632be,639ca47a-f240-4604-b3df-e6c77e0f7cc9,bf3f43cc-3c06-4072-ad68-d5770334905a,41af2ad5-aa33-4359-b19e-c0e3dfd9ae5a,140.22,1.85,Cash,523.14,15.49,Failed,28-02-2021
40d4ea50-bf5a-4519-926a-136a23803441,4cc94f01-a5dc-4680-ba7b-a93d13b3fc68,c956c04e-b7ad-476b-a231-31b3e93b1bc6,74f01722-2fa0-41c2-a560-0a159dde236d,146.18,1.46,Cash,338.94,49.44,Failed,07-07-2021
8db5dd7d-56ca-4da7-9d70-552b01050cc3,706cc612-1c1b-414b-8b36-1e20912bc0db,b7812941-ef08-46b8-807f-bbe43c1f781c,ea10e0fd-f39a-4fd9-9b49-2b22cae3966d,192.15,1.1,Credit Card,414.52,9.26,Pending,08-05-2024
663a2a7e-dc9f-4b4c-aca7-913b603d9ddb,82e15e37-a646-4290-b96c-942caf282911,947524f6-b69c-496b-8cc9-70eac26fcc6b,0520b432-bb16-49d9-8a8c-28bd1190f0cd,46.65,2.8,Cash,636.69,12.08,Failed,28-03-2022
e7ec204c-d249-4428-bf46-50b48810284c,bd9abbf4-5894-4c21-aa29-62935d8626c1,a20f9411-cf85-49c1-83b2-925ddd0cbe4a,db01af4f-77c5-4f5c-8199-3c6d07a89f70,50.37,2.78,Cash,402.58,43.86,Failed,07-04-2021
906fe7f5-234e-46fa-b512-18826f5511d3,fdad31d3-704d-4e87-a538-1d7400dbfd32,49276784-2936-419b-9866-d58afe2942f0,a1cd102f-8489-4c71-ba39-45cf3976d0ee,55.0,2.31,PayPal,724.67,29.03,Completed,28-04-2023
5605d647-c4cc-45c4-b9c1-10c24b75e0ed,da98518d-2852-4d5a-8632-e35a453f0014,b3982da7-6181-44d5-8305-34a071f55e7d,2706070f-7adb-47d4-a056-8b917a780d1e,164.01,1.1,PayPal,480.03,13.43,Pending,10-04-2024
55e29ef0-3908-4f6b-ab91-1458d86c5da2,c5f0b9bd-3ea7-4c24-8331-06e1e245f092,3591f55f-2032-489b-829d-e36b7a37bf47,d125fc79-861d-4dbb-a4e4-68d3fe7c6548,191.88,2.79,Cash,427.24,17.47,Failed,15-03-2024
48df75ea-fc69-4408-912d-236c80ffe847,58cc3d48-546a-4521-85eb-9fdaa8cd9438,d60547e3-c8c5-4b7a-ba87-d0e72a2e1d4b,baa01c63-9cca-451e-ac8c-92b265f77422,18.83,1.81,Cash,660.17,13.73,Completed,03-07-2023
a6e2929f-3fef-4e05-8c4e-24728778e46f,79c60144-1440-4f32-84c8-68734672862c,861a89f3-90df-4985-83bb-782918ce1a12,0bb6f2c0-d009-441b-b777-c0cf4d6cf775,85.93,1.87,Credit Card,666.91,10.91,Failed,09-09-2023
b79e2d98-db3d-44d7-8135-fcc15d794e35,e5926a5c-ce39-492a-88ae-9540636bb01f,cdc455a8-2002-4246-8905-a218aa9ccb3e,b512888c-dfc9-4611-a3fe-3cdc1e39bdf9,194.43,2.12,Credit Card,918.37,18.78,Failed,06-08-2022
3b60814e-013b-4548-81e4-41d3681097c6,e618fdc7-d8b0-45e9-b07f-a8c335f127a9,bd76d09d-0a94-4a40-9875-41186a1052a7,94c0d775-c36f-47aa-8ca6-e3266dd0379e,152.06,1.71,Credit Card,696.66,23.49,Pending,22-02-2024
68ea2b17-f6f5-44ed-9b21-652fcaf58e80,d85e2571-0f87-45e9-846e-b5b72c854253,02e4dc6a-484d-4d79-acc2-c229a020d2ad,f6025652-8b11-41e6-a713-4746606a4a38,96.28,1.38,Cash,97.67,15.88,Completed,20-03-2024
0fc83796-a5c3-445c-8231-764fdc75baa7,08cc7626-7f76-4081-a72b-88724a242bb4,57b87f6e-d9d6-4665-bc4a-3cf22280a139,a637d984-15d1-4e3b-ab00-7181cd97c12a,155.59,2.83,PayPal,729.25,18.84,Failed,18-03-2022
66802868-b698-4fa6-a3c1-4a2a6c8c4e13,d0ae8b64-2c33-4a1b-aea4-e24d0b2dfdca,57ad3357-33ac-4a0c-b7b6-901064c65d5b,022d1763-a618-41ce-8ec9-603481085545,69.33,2.42,Credit Card,816.93,13.49,Completed,19-06-2023
f08da5b9-ed75-4331-9e48-d5e5f1da6203,2168d8cd-a5f1-406c-adc0-fb20d7e1d6fb,0920595c-576d-4974-86b2-03955fc9dfb1,40b9ef87-48ef-48be-ba89-4a1d5d7c6cf3,96.93,1.8,Cash,871.57,32.15,Completed,21-12-2022
a1aa07f7-db20-4bd8-9039-2b1ee2627abf,90de8720-ef09-4fdc-890b-7133275c12d8,757e7425-aa45-4f77-a916-544a3e31689f,a0e0320a-58e6-4e32-aaab-47d759052bbe,178.36,1.29,PayPal,620.18,42.72,Pending,02-09-2020
02a47b80-f1a5-4559-a36d-8848c54ac7b8,9512a575-40b3-4b0c-8f84-2b4cc787b8a4,4bc7f9e6-f61e-405c-9737-8c25e6ac0eca,ad2d6008-d4cd-4975-83c8-a956e17a5a62,162.81,2.14,Cash,300.44,7.36,Failed,02-04-2023
f7642426-0adc-4509-b8b6-8e5b67869604,cdce85ab-41b3-460f-b617-b4fcf7a5ba53,b3aadd45-16ce-48ba-98fc-c8c407bcdb9f,8c564ea3-a9b7-461c-b7e8-eeca94921de2,66.2,1.82,Credit Card,820.36,29.4,Completed,01-05-2022
3c2a73ef-9694-4f17-859a-ff2670fe6a53,713fd178-dd15-4f82-a5a9-02a34aba737b,6f2d76e9-428c-490b-b84c-bc0ed49f80de,dca1e6f2-4a35-4868-b277-496529dd1514,28.69,2.84,Cash,802.26,12.76,Pending,10-11-2023
ec8666e9-db05-401c-b45b-12b0b6253745,0ea7d91c-7b07-45c3-a911-9c5476275d34,c2326e28-1091-4ab5-9a73-d5d9c78dbb32,ee906491-0951-40a4-b3f3-b30feffdb1e6,21.09,1.68,PayPal,662.22,6.4,Pending,28-12-2020
85ea27ad-d51f-4f9e-b670-24e4214f5602,3aa5aced-4127-47ff-a04d-d8270fd66beb,5f0cf00e-b861-4096-8080-9e3bd2e21230,b7fb1280-2aac-4c7b-ba91-afd672e5262a,69.6,1.4,Credit Card,921.51,5.18,Pending,16-01-2024
5176e603-67cc-445c-aeb0-c044c127ef5b,67fd3e1d-89e5-4c4c-a480-8744f2cb1003,24e2ba36-02ca-4708-92eb-20a0f32085f4,077074ba-abb2-4da2-850a-45b8457978a0,69.92,2.24,Credit Card,79.84,25.98,Pending,29-10-2022
399c16ee-a694-4d7e-8a82-90811f1022c1,cb8cac40-428b-49fd-80af-57d45d26bf76,3dec7d1b-9f5d-4a7e-ab3a-bca793206622,d4130eb4-893c-445a-8f40-2516245c3de9,22.79,2.34,Cash,403.81,36.1,Failed,25-07-2022
8443f29c-1b84-4bbb-84fe-a10fa8e7a6dc,ce65c6dd-58e3-45a1-ab3f-f94992699e2f,543e25a1-99b2-4eea-9294-b5e8343c1f8e,4227cba6-1282-474b-8152-4629b1717c5b,125.17,2.14,Credit Card,461.52,14.31,Pending,16-12-2022
be59520a-646d-4655-933b-bb6f0bbf5a0d,01ded264-67fb-401e-8aee-0b30d24f9c37,641435ea-ecb3-41fe-a546-e9170bbbf5c2,88b9ef34-fbdd-4370-9cb2-a002a85d2aa3,51.23,1.27,Credit Card,330.91,11.13,Failed,11-06-2020
b949c018-21ae-4e46-ad2c-45b70b7ded8f,5decfd06-a5c6-4a4f-a9b6-28634fb36be4,0c9681fb-ff41-45c2-8bc9-479c00ba001f,bb8acd91-ed6b-4343-b3e4-42d1f77c1392,115.23,2.65,Cash,561.66,43.03,Failed,28-03-2020
98a24016-f73b-421b-8dbe-abd745836354,a6206146-d0ac-4e8e-8983-d3f3ed6a4c6f,88fa3e6e-4ddc-4ad7-827f-6171c28ddec1,9a681fa3-3b75-48b6-bbc3-640aeffca52f,154.49,2.28,Cash,620.85,47.36,Failed,30-07-2024
bea6e3ac-d09d-40b4-bf16-9c32f314025a,f411fb4c-74a0-4453-839d-19ef76d17cc8,522b80f7-6d5f-46aa-8f4c-a791acccffb7,e72acd6b-7d5c-4a61-b0f2-39bc7963bddc,181.28,2.42,Cash,357.88,45.95,Pending,20-09-2021
f6ae737d-37eb-48e9-a891-9c3f15849c5e,be1a6833-7bf2-46fc-85f8-2dd4c4104199,0daf8175-ef7d-4fe6-92a2-3f0f41b7c81b,7acf8404-6eef-42ca-82ff-a4e9aaf45c6e,173.45,2.68,PayPal,761.25,13.4,Completed,05-03-2021
9a296205-51dd-4ef5-932d-1a85056095ac,31f74bda-4c1f-4343-8f08-299fc8cf1900,22f7b52e-b5df-4a15-a8df-458133d4cc40,e6b516fb-fc4a-4fcf-a510-7b16aed2aa0e,193.89,1.78,Credit Card,918.64,25.48,Completed,17-03-2023
cf989022-fd99-494c-b1aa-9038f05e9e29,f557d31e-d673-4aa7-9227-cf8cdfaabc3e,92b0a83e-f66b-4b97-a577-b223f08cbe6e,bc7b0b96-c1fe-49b7-b70c-4821af6e2720,74.27,2.78,Credit Card,931.01,29.73,Failed,04-10-2020
4b11fc13-1c05-4fc5-ae4b-46284d3e048e,0d0d9181-ac0a-4bad-8753-07ee486153ae,de318712-893c-4f0a-aed6-f1c791475273,62e6528c-d0d7-4006-a52e-79f70f3f3126,51.27,2.65,Credit Card,433.52,27.02,Completed,07-01-2023
7e0ed4f8-673d-4778-a15a-d8034aa25c9c,24d63f6e-7baf-43cb-87f3-a07518ab559b,a55d3665-a95d-445e-af16-8df13b0ba406,ddbc6f5b-3099-424c-9861-f5e759a2d280,17.77,2.74,Cash,498.42,36.82,Pending,03-10-2021
46c2a437-4bcf-40b8-86d0-8dfff6a78a83,0f9db956-f153-436f-85fc-4a21000c5617,ee2d4600-c2cc-4948-bd57-522ea2186d2c,0f3458d2-1570-4f16-a379-1352b19f31e4,28.94,2.34,PayPal,854.93,46.46,Pending,23-05-2023
bd46131a-3baa-429c-bc22-56bb33fd0ba0,c1cd63c3-e03f-4c9e-89d2-a166318e16ba,4d0d08d8-be9c-4a2b-93c3-f3a7aea34c30,27886c16-b27b-4555-8646-cb114e0881a6,106.21,2.36,Cash,732.5,46.0,Completed,08-02-2024
bd33111d-5511-40ec-828a-fa4bf7dcaaa2,28c3ce81-1e2c-4266-b1c4-238d4bd94134,57810698-1f39-43f5-9eab-4774253e1562,4cfc2d26-c43d-4774-9492-4a0cca6571ce,159.98,1.23,PayPal,699.57,5.95,Pending,07-01-2021
7533e3dd-64c7-4084-a4ac-5a48ae51afac,171fa85b-83ba-43a5-99e2-95eb57d6eb37,af3b765a-f099-4d6a-a8be-75cd0c72552a,dc4aa635-8bdc-4a18-ba44-41fd550e9f71,128.53,2.17,Cash,976.35,7.1,Failed,13-11-2020
79be7758-5b1f-4b2a-9731-34d1901b63f7,96a5f054-2f0f-4899-8e39-cc513809917a,e9013230-7ee3-46ac-97c4-d50208972089,61fc813f-fb56-4f95-b2c3-3a0eabe34412,190.06,2.79,Credit Card,565.33,35.03,Failed,25-04-2023
0b5271fe-d860-40e9-b803-1363ef749378,fe65a634-accc-43ca-8fa0-cc434e52efc3,17bd23e9-164c-4b68-a02b-5b6006f62631,7db7c91e-b166-4506-ad81-2b8e58a7878e,52.38,1.52,Credit Card,474.13,19.32,Completed,14-10-2022
7aeabbbb-c3a9-4c21-93e8-df867a01a5fd,13436e6a-1b1b-4a2a-b98b-5a4f4e1f2758,f919aa5e-7553-4e5d-9ee8-6cd3f88a83e2,e70ff0d4-1e23-410f-a497-e9e987711bcc,100.44,1.27,Cash,640.7,31.69,Failed,21-09-2024
28baf272-f531-4f31-a535-afeaf64fad25,653d5665-28fd-4ae7-aacc-53d0331df078,8fd22f5a-c8c2-48f7-a29f-9da2f63766ea,d61555ed-a6ce-4592-b5fa-ab26fe8af735,168.45,2.27,Credit Card,799.66,5.6,Completed,22-08-2022
fcfd62e3-633b-41dd-8d65-90512de70f49,cdc0a918-c527-46b7-aa22-3201ab69f79b,a2286037-ce69-4236-92f5-3996f10e1db8,4fa17a55-6f64-411e-a974-3a34321852f2,178.2,2.9,Cash,710.46,49.95,Pending,02-06-2021
f8da6045-7f69-47ba-915b-d290cb36d4d8,75945985-311e-49ea-b1a4-59ad4d0b2531,26126379-bd94-4065-b10e-7c87fd64f74e,b9be2172-30d3-4a1a-91df-ac4868521d2c,142.74,2.29,Credit Card,467.34,41.63,Completed,02-04-2022
501dd939-2442-44d0-9e64-a226f1d06649,2c1622a9-5629-4368-be22-bf8ea182666d,90433baf-2ae6-4a0f-82dd-eba0de5ed97b,94127897-6d48-471f-9ba2-1bbcca6f5325,112.59,1.69,Cash,325.36,22.64,Pending,30-12-2021
681a5d11-694a-4be0-9d97-e2d5c83954f4,a02dfafe-6807-47a2-81f5-d992c9d3eca8,819d2240-70fd-4afd-b7db-089660c24aa8,188eb3cd-8256-4cc4-8a68-4e71a86a99c1,146.83,2.07,PayPal,911.72,30.92,Completed,04-07-2023
99223d1d-b83e-40b1-adfa-00e0c782d749,b43c94b0-f5ec-435a-85a1-c211ba256bea,76582d55-9932-4342-bccf-62394e76c170,0b1cf661-0385-4834-948e-56b84ed81fe8,65.5,2.85,Credit Card,428.42,44.19,Completed,06-07-2024
8284c3ad-027a-472e-9f1f-15d451c2ed1d,0981ec77-8159-413a-ae20-8b75bde0724e,d4f6fc65-5a59-4e42-8a9f-272595c2468c,5faa4ac3-44a3-45ce-a573-5fb9a373bb1f,139.98,2.19,Credit Card,807.2,46.32,Completed,20-08-2024
d21f1ac1-ae09-464b-be9d-bb2b6edb74b6,c98f1a4a-948e-4a6e-9ecc-46c61ac45672,2092ba1f-0cab-4be0-9176-4ea054a85af4,fba7af61-571f-44b9-ae77-a2dc0dc2b15f,191.72,2.6,Credit Card,543.62,45.58,Completed,27-02-2024
2af4205f-bb6e-4c9a-a4a7-830752a42f09,3f011f19-0c1a-4560-9be2-32e542e096eb,4c2f85c9-6268-4985-8576-b125da34e19b,26b44a32-2674-4297-93e5-4aea6021ea04,121.23,1.9,Cash,575.03,11.73,Failed,03-03-2023
aa029bca-6a16-41f0-acb2-99644652ba0d,a31102bc-7675-44d7-9936-094a603ea4a9,92559fe0-551a-42c0-bb4c-cdf9767d41b9,4f70e4ec-cd80-4272-986b-0e139fa75978,14.03,1.12,Credit Card,145.04,18.76,Completed,26-06-2021
2e288d8b-dd26-4da5-9be3-7c07e45fd083,cdb6bb93-8e35-43f9-a7d0-4374bd803788,94c22ff2-6e83-4268-b4f3-0595a9cefe4e,72d5b8f6-0e34-47fb-a11d-b7e74dcb237b,78.16,2.98,Credit Card,129.04,23.12,Failed,10-08-2024
a0459c8c-c6d6-46ab-8bba-00fad7077a4a,6dc773cc-f6e9-4699-937d-3c0fb1c98841,a565cc88-8b4f-4880-bdc7-5778225665f8,45247048-c0e8-4f49-9cb3-daa403cbe2ce,190.73,1.82,Cash,940.5,7.58,Pending,28-10-2022
99eed824-39fa-4392-84fd-59a0b4c90ab8,2a115837-482c-4a07-814c-23851e436a23,30dd503d-0179-4e25-ad8b-d42781c7f478,03ced95d-9414-4103-b3b3-b6d81363ab81,79.53,2.92,Credit Card,42.22,48.4,Pending,06-11-2020
f19f2c00-ecaf-4609-baeb-07a1020ee755,1bfe67ca-fb2e-4b7a-bcc1-bc0f2564ae00,ce7cb6ff-5c5e-4cff-ad17-49a36a65092f,d6f06002-56e3-4b33-85cd-b333244a434f,76.6,2.01,Credit Card,33.58,10.39,Pending,01-09-2023
353d5561-c281-4889-bd1d-90c8e97d8c2a,fcf74332-7340-4def-bdb1-776a1a5e5408,f062a87b-fe1b-4266-ae37-5060b5a42b72,2d47ea6f-5ce3-45fe-80de-2367b33d53b9,197.95,1.24,PayPal,330.69,24.16,Pending,08-04-2022
ec76acc3-ad42-40cc-a264-5efc0e82686e,f09c7685-5e7b-4323-85db-6cb5f04ede63,6849f993-148e-49b2-9242-234d062e0b5f,c920d5b5-d270-4710-8c6d-0a033112fb21,169.28,1.1,Credit Card,360.32,49.0,Pending,08-12-2021
99c122e9-318c-42e0-9126-48cfde88572c,3d9c38ae-6d50-43c2-9f3e-4e2538bbff1d,4e06bdd9-5002-4b84-92ab-a8257c6344e1,a5397347-1c74-45cc-96b5-9d872cf834ae,33.78,1.89,Credit Card,831.78,43.32,Completed,10-06-2020
f165b643-205c-4d15-8080-399e0d148be1,db45d863-b9e1-4d66-99a9-a269d36e88ac,97586647-0754-46a1-a87c-ce5d80331420,54bc376b-5d7f-4520-ad9c-088aa61bdd9e,178.28,2.07,Credit Card,592.82,15.58,Failed,16-04-2022
f9ad6d52-cbe5-43b7-a5fd-e4ab8f875217,5e988ed8-e5e7-4725-a28c-a3a7b93c6286,73e3103f-98e0-4e69-947f-ef211e2999ab,f09dd3a4-9717-4ea7-9d7e-f58fafb06bbf,112.76,2.06,Credit Card,712.48,46.09,Pending,11-05-2023
f5fbd988-88d8-4d6c-9dc1-05f67e8dcffd,5637e3c2-e30e-44d5-b774-e3481454f90a,2d6487f4-ec2b-40a1-b891-e30d980887fe,f3d0cebb-f098-4a73-9991-8b3cf5389f38,37.95,2.41,PayPal,917.97,39.77,Failed,29-10-2020
0d651ae0-4295-4f0a-8544-a349c8d437b0,8462ec47-311d-415e-bd62-b75803441f31,143a0c51-4e8e-472d-8d24-9bdd31fedffb,7f3fe12a-3ddf-4d4b-b7e1-95f34573201b,9.9,2.2,PayPal,955.82,6.98,Completed,10-03-2023
d8f95c36-260f-41c0-a4db-96132b73eedc,933d7bb9-8e67-4fd4-a6e8-30fa205431db,bcc72bc0-d06a-4d81-8d60-b23661487262,9069762a-3597-4782-8952-9a1f188d115c,66.57,2.47,Cash,862.07,7.28,Failed,19-12-2022
d196c619-93dd-4b21-b0a6-2e7b57a35e5d,7aee0d5b-296d-475e-b7bf-5809718265a0,917f6865-cf2b-49b8-b16c-b7b0218d6f91,c180d7bb-dc4d-4d1b-a755-1d9b27af31f5,180.94,1.72,Cash,98.41,48.64,Completed,02-08-2023
e3149eae-c78e-40e5-9ea0-ffcef2b95b17,fb07c403-93cd-4fdf-8286-a1f175ff8cc4,002b614b-4013-4627-a844-e435721f982c,9a6ab727-1432-4143-b620-08861a5d1882,142.54,2.68,Credit Card,309.68,19.49,Pending,09-08-2023
1e0e3946-a269-4008-ae52-efe4c6623795,6957ce70-d03c-445a-8f2e-9ac898b55222,3fbf6b1c-69ce-4527-8fb3-c1dca9b9c594,603a6ba0-31df-4ee5-a799-dfad09974f76,81.8,2.71,PayPal,874.26,16.34,Failed,07-05-2021
f2e0d232-31d1-43f2-b39d-c50ce91f115c,e096ca81-d429-4663-970c-fbd30acff7c2,2d0ebcea-9169-47f6-8ec7-36b93ba56861,9ba7b788-0031-4fcf-b301-214b53837994,184.88,1.71,PayPal,566.07,39.42,Failed,21-12-2023
d140beee-4559-48bf-a03e-7598e561a867,314cafee-3218-4db9-bc0d-6292b66de959,3d39e7e9-1273-45dc-834f-85a0e8af7035,55ffa3a2-d067-446d-93c5-2a4d6f12458b,198.2,1.42,Credit Card,607.4,33.33,Completed,25-08-2021
48a6d876-cbf5-4909-9c2e-a1581ecb5825,0f4e06ff-1dea-4ca8-b445-adc08ee47cfc,6bb01ab5-b279-49a2-a4e2-bdb167fc05ef,cb4acae6-57ba-4f60-9524-19c3164b168a,108.06,2.47,Credit Card,510.76,14.51,Failed,08-11-2022
f8c5cc2c-dead-4cc0-bcf7-b6b02002831f,6bd00eab-dc0b-4b93-a2b7-6042f169fd3e,a2045a04-309d-4fd9-875d-6d7911caae4e,60c78801-f06e-4368-ae27-96ce1d8574ee,58.82,1.84,Cash,564.14,6.52,Failed,23-07-2022
f9ecc703-fb17-4598-b95e-68e1fa8c6245,79f12e72-b1b1-45b0-a8cf-db60b746978e,f2a5677f-ba72-4db1-935f-efb47e981bf6,97ffabd0-817a-4a22-905f-7b128142a19a,82.68,1.89,Credit Card,882.17,15.37,Completed,20-12-2022
e0f825af-b570-47db-b6b6-d1a8ee3eae30,57e5070b-420f-4ae5-82d3-8fda1179058d,64a1c0fd-c8d0-4a7d-8f42-2084d32914c2,55594a37-81ff-4301-9009-fea670fb682d,180.87,2.06,Cash,748.87,36.71,Completed,17-05-2021
4488f3f5-0fbd-4deb-862a-e00d5256e598,1a0f3346-9766-45b6-afa1-43921c7d2559,3b3ce967-076d-41a3-8eb3-ea3e91291947,8d397338-8fc5-45e9-be26-9f5d7778624e,69.08,1.86,Credit Card,748.47,2.45,Pending,22-09-2022
8fa8876d-eca6-4aa0-bd9e-9f51807846fe,ec1df4db-9422-42a4-b937-11b190997480,94abd87f-6c9f-470e-b6cb-91e6f1432ac1,967ba312-4081-4b02-bb99-b5365326ef7e,74.41,1.16,Cash,564.41,38.97,Failed,13-06-2020
0b4aab2d-740c-492c-ad17-c359bbe3309f,59bba26a-854d-4550-9521-738c6cea7558,07aecace-ee01-4c3e-8afc-fb4c664fd869,06b172c0-d3b3-4ff9-bdb5-c09c5e367331,178.05,1.26,Credit Card,731.65,13.17,Failed,14-02-2022
5eb4e429-f31a-4272-8bec-e44a6a9879ba,06ec00de-36a1-4f82-9c89-931ce7a08bc4,46366aae-cbce-4d3e-9961-50825d9b2195,2eb93ac5-044e-4829-a139-8fc005b13ba8,91.68,2.47,Cash,865.38,34.99,Pending,04-05-2024
d57c7feb-c35f-448c-99c8-5d5f6f8e740d,76d5b27d-dcb1-45bc-80bb-e2cc214744e6,b7a714a9-1d3d-44cd-95d8-bd46798c2bda,1c38c054-3d61-4c4b-8b2d-b258a3a73d2c,119.31,1.85,Cash,926.52,48.04,Failed,20-09-2020
f912d44c-47fb-46ed-b748-f3be9fb3cd80,922bec43-9706-4e8c-ac18-3b40f921394c,d58d29b9-902c-4fcf-b9b1-856c91d4ce6d,b0fc082f-01d5-4dab-bce1-4e7a5f8f38a5,74.43,2.28,Cash,918.31,9.55,Completed,17-04-2020
bc890137-6fab-4c66-abc6-47b6f83175ba,8ae7464e-2ab7-4beb-8679-34c88d2b58d6,2fc97e42-07de-4ed9-a877-d9853fdae693,18b5fe01-2e9e-499f-bcac-ad51f6bbb2fe,40.98,1.09,PayPal,488.82,10.13,Completed,07-06-2020
757f0f89-c0b3-4903-b520-95f2e88114b5,bdcccd40-0d74-44fb-b01a-59ddb65922bf,a9e1df1a-9216-4251-b813-3af272262209,15476882-8246-4e06-98e1-03ddfea25596,113.85,2.54,Cash,736.41,43.72,Pending,02-03-2021
7846e7cc-a681-4d9a-86c8-7d15e5999ba9,2e73b05a-26a8-411b-97b9-c1b5e8debd8a,f3cf1fac-a3e8-45af-b2c8-a02f1b9a3a90,3ad4d5c4-b391-423a-b488-d3d9da9d3bce,171.69,1.48,Cash,971.27,6.96,Completed,29-10-2023
43bf0833-e6da-4e83-9eac-aeb69c6a8279,31ef2ae2-730a-4bb5-9476-09829c538d25,1cdcd7f3-5d2f-473e-bf8f-4a7a186dc78b,4c612c2b-0820-40fe-b3e7-34b127173bc0,29.4,2.39,Credit Card,445.94,42.35,Pending,09-01-2023
b2d8f8d5-1d97-4f80-9632-4948b5fbf0a7,334c0d5e-0d73-45a7-a348-bbf548b90536,b283760b-998d-4f81-9c59-0665acf256d9,1694e0be-ee9d-4abf-b403-39ee6d254df1,51.47,1.08,PayPal,898.13,9.28,Failed,11-12-2020
c92f8439-4ac1-4bd5-8ac4-520470cc7458,972803f7-4da4-441a-b7bc-1f0197d46c67,d09d71c5-dc46-4692-9101-a497db1a986b,57c81f48-4df1-4733-96fb-5686a62a32c1,105.48,1.13,PayPal,569.65,26.1,Failed,16-10-2023
0d3a195d-9884-43e4-ab24-bbaa033d7e0f,827a0ce0-6145-4425-b6e8-9cb567ae59d8,b273fd3c-3061-4eda-9c5d-31fcd3443a10,0efbe814-aaeb-47d0-8a14-9c3f32bd081f,173.4,2.49,Cash,867.22,25.29,Completed,23-03-2021
a520b711-a7ee-4856-a8a9-b36d231ec261,f41e69a0-5355-4eca-962f-bd34763e1453,cf3aaf8a-cd4d-479b-bdf4-903bee4cd40c,6741b762-c0f4-4a15-bb65-042e709b7b4b,126.4,1.84,Cash,892.03,20.02,Completed,03-02-2024
6b802c05-15be-43a0-b0d9-115c4b12c68f,70711288-4049-42fc-9f7e-9ed555c773cf,5922be88-dd42-4a44-9836-050862815fce,0705189c-977d-4976-905d-e9e278efbd24,79.65,2.63,PayPal,589.98,35.41,Failed,21-08-2022
81456c25-95bd-4b52-8f7f-d041caee6c58,3b3e512a-3dbd-4070-9ae2-800d42ca9446,7b799599-38f6-460f-bcba-fed22e30225a,31c9a105-53ee-4127-aea2-a4bd8ff60a64,136.13,2.39,Cash,310.57,7.97,Pending,04-08-2024
f1bace6e-f954-4824-9c9b-2943f33571f4,ae35e3f7-76ed-4844-9925-4999e9332a49,f51088ea-32fb-47d1-a40b-24b3b2f516e8,17277576-7793-4b2e-b1ed-3b2ceb87567e,144.63,1.89,PayPal,928.49,49.92,Completed,16-07-2024
c15b6606-b4b7-4435-8c28-26c06449031c,e407adbc-398b-4887-8673-7744c4319507,ac53e89f-d23a-45da-bf39-d6cd24b8c4e7,7b91cc2e-0a6b-43b5-9e77-24bfefb55cc0,140.11,2.88,Credit Card,551.83,44.17,Failed,29-11-2022
7912f208-f1b6-4ca2-a626-d1df1623b5c5,0b42055a-619c-40ca-a686-9b80a5b6ac7b,611babbe-bf97-4727-9568-24a085daba3c,a02b8910-e766-40ae-a84d-d37691be547e,166.6,2.65,Cash,943.16,15.5,Failed,29-09-2024
270590df-5873-4567-9a1f-b267f2910c9b,5507bfa0-f283-4ed8-8bc4-4175ebf3ed83,0c27a06e-1d11-412b-a1f6-aa70efa67b31,76ecc8a5-de8b-4953-bfba-25c77cca8769,81.33,2.68,Cash,680.73,36.51,Completed,20-03-2023
00d3a6a1-a0dd-49dc-8668-1c5e4e1fdad5,3a3bafb4-8891-45bb-bbae-ab3e78ca7630,0326b45a-47f8-4af0-94de-10d8ecd86cfd,abae669b-38c5-4bc5-b896-b4b758bc2de3,56.31,2.44,Credit Card,467.95,3.31,Pending,26-01-2021
52d85ead-c237-45da-ade2-6830e045766a,80ad7619-cd11-4611-a543-c6f8fbc7c7ef,ee2aa4d6-5020-4f8b-acdb-3a342d9b38b7,ecea499c-e17f-49f6-8fa1-a67efc3ddc71,72.87,2.29,Credit Card,343.02,15.97,Failed,12-09-2022
7c7f3685-f2c5-4522-b0b7-ddc3b1301ba8,0daaf1b1-9665-44c3-864f-99552d458464,600ba615-7025-411e-b775-c36ef60f90b2,9f79a809-415b-40a7-a440-575a56f3ebe5,89.83,1.14,PayPal,921.37,12.93,Completed,03-06-2024
0b0e728d-1649-47af-8a5e-7a5ca5b0b956,efb5855e-6e06-40d2-8a76-9bd484af9bbc,f37576ea-1818-4c6a-8b17-e72b751ee1b5,466ee98d-aac5-48a2-bbdd-b0bede948336,169.48,2.83,Credit Card,977.0,2.22,Pending,04-08-2020
34b6d4e1-4456-4ca1-a8fc-f94d50608768,e1c7d3fa-9032-4510-8785-005bb465857c,83c8516c-f69c-4782-8f81-048a548a87ef,6dab698b-1cee-4cf5-9ebd-ae054f33cd69,158.89,1.64,Credit Card,679.69,35.19,Completed,25-12-2021
99aabe0d-305b-435a-8e7c-a482f7067d7d,71fdc440-ee91-41fb-bd83-b283287624ea,1ab06d21-de8d-47a9-9c1f-19c05e862f7a,cc546d02-3aa7-4ce3-ba52-2a8fd77641d7,52.69,1.02,Credit Card,521.95,33.0,Pending,25-04-2023
b26d266f-bc5a-43c6-aa56-2c1a1bad845e,85184a0b-a9a1-4c2b-a5b2-778f72e082d0,fa3a7c5b-65aa-4187-a064-0b459a2b87f8,74da2317-dd38-41df-a845-77aa136ba8fa,89.62,1.91,Credit Card,642.09,44.33,Failed,07-04-2023
e1cf2c27-1401-4e6b-b12d-a5e36f30ee7f,49eb14b6-fb31-436d-812e-dbc840a9bb5d,e5f51b76-0902-4f70-80e6-543f71dfa631,d0371005-e31a-4eba-af0b-9737a884b155,172.31,2.4,PayPal,406.65,35.27,Completed,10-06-2023
30c23ab2-b45b-4e3a-9155-85ed70cd980c,ad58724d-540c-4a9e-8403-0eefcda6c3fe,dc8abb65-5a51-4e81-87bc-900e380e47ac,da74eee1-8f5c-45dd-9ae5-c01a4f4d890b,153.61,2.02,Cash,333.47,24.51,Failed,09-09-2023
08b2f8cb-7f5e-4b14-b558-2bab6af1f17e,cf5cbe2c-292d-4b87-bed7-da251c3626a8,25aa51d2-6699-4272-9ec5-1d3703df747e,30c9259d-f440-4a99-97fd-ba0bc9b05a3b,35.55,1.71,PayPal,547.85,31.95,Pending,28-12-2020
6873a3f9-071c-41c7-a613-c3a974f92227,4ab0d8af-85d9-46f6-b850-9d556328b53c,3dfe5293-7ec5-4908-96eb-ceb0c32653f9,ea951647-2b1c-4aa5-9daf-b72f60e85309,146.3,1.64,Credit Card,785.7,32.5,Pending,21-09-2020
